identity,relative_or_role,sha256
R1g_reference,rtl/v41/nvp_i2c_tri_phase_probe.sv,4AA823B5896D9C11DB9837D1F30E4E077557FE367942B032B404ACBA92E03552
R1h_candidate,rtl/v41/nvp_i2c_tri_phase_probe.sv,D459FC7AE6D72F1B604974CADDF4D633468334D9D488818746A0C0B5EE22B4DD
R1h_candidate,rtl/v41/r1h_probe_index_bram_store.sv,67410872DE78C7C48531E96E831E82ED5D97AF2EDF42F34C4FADB2C7EAE8433F
R1h_candidate,rtl/v41/r1f_failed_txn_logger.sv,F8B11E29D99E6FA548899681C2A9A3D76144DB3EAC73BFBDE599462E488C7761
R1h_candidate,rtl/top/ahd_capture_top_xdma.sv,D37A7ECC4C4335149428A75FFE71E0C2FA128F69AEA8E0781658DD22ED65623E
R1h_candidate,rtl/v41/control_status_regs.sv,FAD14CD8E56BCE583FDD643C1828D03A6673ADE22A0B66EE0ED490C48C0F33DD
R1h_candidate,rtl/v41/r1f_measurement_regs.sv,EC246486BD0F5DF0966F6DC81BC8A8EAC17741E2641F8DFE68E276EDBE567542
R1h_candidate,rtl/v41/r1h_mmio_read_service.sv,00ECE27375BE07D52E8FA4BF07F535AB29DC39A099AF4FC148BF654E0073BA2B
R1h_candidate,tests/v41/tb_nvp_i2c_tri_phase_probe.sv,128EF41613C1B13A4E394D3F1722C085DDDA21CFF702995A0515C1F1248B6A34
R1h_candidate,tests/v41/tb_nvp_i2c_tri_phase_probe_abort_restore.sv,8539D5378624738EA4D2FBCF94203AE36C8A76526C9FA822E254267AB0615474
R1h_candidate,tests/v41/tb_nvp_i2c_tri_phase_probe_attempt_limit.sv,703B6EF5F2A7EF8DCC464B918677C685F463F07AC2D6A6D63C17391E760B227D
R1h_candidate,tests/v41/tb_nvp_i2c_tri_phase_probe_idle_timeout.sv,6CC2B42D6B06E46444593F1E78FC7BD8DEAEB18192EEAC267E84176CD9663EA5
R1h_candidate,tests/v41/tb_nvp_i2c_tri_phase_probe_index_overflow.sv,2E60DD6FDC4F8F2D1CB94CD26167CD471C8358B9AA755453226CAF0CDECC384E
R1h_candidate,tests/v41/tb_nvp_i2c_tri_phase_probe_secondary_restore_failure.sv,241F8B59392DC893F62F5C5DC231DCA5063655E1F7D292296EEFEA0A9E51481B
R1h_candidate,tests/v41/tb_nvp_i2c_tri_phase_probe_timeout.sv,E8AFF41C5E43326156CC5E357380B180931606E4F6145CD7ACD1E31AF23FB618
R1h_candidate,tests/v41/tb_nvp_i2c_tri_phase_probe_production_timing.sv,F501265BD3B87C17958E52955D76D6FAC924D19C9D0F649B9FFAF24045E0F505
R1h_candidate,tests/v41/tb_r1f_preinit_arbitration.sv,AD4884DE8237CED872BBE8779A7488FC0469B4C4DC6B66BF59D64F9AD3B32C94
R1h_candidate,tests/v41/tb_r1f_failed_txn_logger.sv,9EC3DD7EDF8BDF1864AFF47E135CF0C6CE85AE5519A31583D830614D20B442A5
R1e_reference,nvp6134c_diagnostics_pkg.vhd,36BCA98533647E998A281A518935669FB29B48125D48F6D3785EA12CBFF04156
R1e_reference,nvp6134c_i2c_bringup.vhd,027D0D2258E5FF80A2675198EA9CD7085E2FD360B0EBCE9C423D631656DF9080
R1e_reference,nvp6134c_autoinit.vhd,74EFDC0147ADEA9A13265C061ECD3BA0B8042A2357B0A0E10673112F9986C17F
task_local,tb_r1g_r1h_probe_functional_pair.sv,8A6906361D5306B705549A43D24334E9E10B4D287212E298CE3E09274093106A
task_local,tb_r1h_probe_store_concurrency.sv,EAD12685E7E44D153A55E081DC6578AB243193D72654BD5733EF7CF97841AC9B
task_local,tb_r1h_logger_consecutive_acceptance.sv,1128E4F68423504B4DF51CB3E95F30FB02D1A03948D80D81D4EDC34F19B146C0
R1h_candidate,tests/v41/tb_r1h_mmio_read_service.sv,2EA788E5A9CA5D9F5663A0A1595009BDB20D7D1F81F8BE917721F79BFE802B40
R1h_candidate,tests/v41/tb_r1h_mmio_integration_exhaustive.sv,6DE31F62629E0C64D35700DD1A57193C5F4240A224B4BF4763D69076FD61BD68
