role,path_class,delay_type,status,path_count,path_index,startpoint,end_point,path_group,datapath_delay_ns,logic_delay_ns,route_delay_ns,logic_levels,slack_ns,requirement_ns,is_unconstrained,routable_nets
"R1","SCL_OEN_REGISTER_Q_TO_IOBUF_T","max","PATH_NOT_FOUND","0","","","","","","","","","","","",""
"R1","SCL_OEN_REGISTER_Q_TO_IOBUF_T","min","PATH_NOT_FOUND","0","","","","","","","","","","","",""
"R1","SCL_CONTROL_TO_OEN_REGISTER_D","max","TIMING_PATH_REPORTED","1","0","NVP_AUTOINIT/u_sequence/FSM_onehot_state_reg[11]/C","NVP_AUTOINIT/u_sequence/scl_oen_r_reg/D","NOT_AVAILABLE","6.077","NOT_AVAILABLE","NOT_AVAILABLE","3","9.769","16.000","NOT_AVAILABLE","3"
"R1","SCL_CONTROL_TO_OEN_REGISTER_D","min","TIMING_PATH_REPORTED","1","0","NVP_AUTOINIT/u_sequence/scl_oen_r_reg/C","NVP_AUTOINIT/u_sequence/scl_oen_r_reg/D","NOT_AVAILABLE","0.528","NOT_AVAILABLE","NOT_AVAILABLE","1","0.437","0.000","NOT_AVAILABLE","1"
"R1","SCL_CONTROL_TO_OEN_REGISTER_CE","max","PATH_NOT_FOUND","0","","","","","","","","","","","",""
"R1","SCL_CONTROL_TO_OEN_REGISTER_CE","min","PATH_NOT_FOUND","0","","","","","","","","","","","",""
"R1","SCL_IOBUF_O_TO_FIRST_SYNC_D","max","PATH_NOT_FOUND","0","","","","","","","","","","","",""
"R1","SCL_IOBUF_O_TO_FIRST_SYNC_D","min","PATH_NOT_FOUND","0","","","","","","","","","","","",""
"R1","SCL_SYNC0_Q_TO_SYNC1_D","max","TIMING_PATH_REPORTED","1","0","NVP_AUTOINIT/u_sequence/scl_sync_r_reg[0]/C","NVP_AUTOINIT/u_sequence/scl_sync_r_reg[1]/D","NOT_AVAILABLE","0.523","NOT_AVAILABLE","NOT_AVAILABLE","0","15.354","16.000","NOT_AVAILABLE","1"
"R1","SCL_SYNC0_Q_TO_SYNC1_D","min","TIMING_PATH_REPORTED","1","0","NVP_AUTOINIT/u_sequence/scl_sync_r_reg[0]/C","NVP_AUTOINIT/u_sequence/scl_sync_r_reg[1]/D","NOT_AVAILABLE","0.196","NOT_AVAILABLE","NOT_AVAILABLE","0","0.125","0.000","NOT_AVAILABLE","1"
"R1","SCL_SYNC1_TO_FILTER_LOGIC","max","TIMING_PATH_REPORTED","1","0","NVP_AUTOINIT/u_sequence/scl_sync_r_reg[1]/C","NVP_AUTOINIT/u_sequence/scl_filtered_r_reg/D","NOT_AVAILABLE","1.178","NOT_AVAILABLE","NOT_AVAILABLE","1","14.812","16.000","NOT_AVAILABLE","1"
"R1","SCL_SYNC1_TO_FILTER_LOGIC","min","TIMING_PATH_REPORTED","1","0","NVP_AUTOINIT/u_sequence/scl_sync_r_reg[1]/C","NVP_AUTOINIT/u_sequence/scl_filtered_r_reg/D","NOT_AVAILABLE","0.475","NOT_AVAILABLE","NOT_AVAILABLE","1","0.368","0.000","NOT_AVAILABLE","1"
"R1","SCL_FILTERED_TO_TIMEOUT_OR_STATE_DECISION","max","TIMING_PATH_REPORTED","12","0","NVP_AUTOINIT/u_sequence/scl_filtered_r_reg/C","NVP_AUTOINIT/u_sequence/scl_timeout_seen_r_reg/D","NOT_AVAILABLE","2.202","NOT_AVAILABLE","NOT_AVAILABLE","2","13.712","16.000","NOT_AVAILABLE","2"
"R1","SCL_FILTERED_TO_TIMEOUT_OR_STATE_DECISION","max","TIMING_PATH_REPORTED","12","1","NVP_AUTOINIT/u_sequence/scl_filtered_r_reg/C","NVP_AUTOINIT/u_sequence/scl_low_released_count_reg[0]/CE","NOT_AVAILABLE","1.928","NOT_AVAILABLE","NOT_AVAILABLE","1","13.830","16.000","NOT_AVAILABLE","2"
"R1","SCL_FILTERED_TO_TIMEOUT_OR_STATE_DECISION","max","TIMING_PATH_REPORTED","12","2","NVP_AUTOINIT/u_sequence/scl_filtered_r_reg/C","NVP_AUTOINIT/u_sequence/scl_low_released_count_reg[1]/CE","NOT_AVAILABLE","1.928","NOT_AVAILABLE","NOT_AVAILABLE","1","13.830","16.000","NOT_AVAILABLE","2"
"R1","SCL_FILTERED_TO_TIMEOUT_OR_STATE_DECISION","max","TIMING_PATH_REPORTED","12","3","NVP_AUTOINIT/u_sequence/scl_filtered_r_reg/C","NVP_AUTOINIT/u_sequence/scl_low_released_count_reg[2]/CE","NOT_AVAILABLE","1.928","NOT_AVAILABLE","NOT_AVAILABLE","1","13.830","16.000","NOT_AVAILABLE","2"
"R1","SCL_FILTERED_TO_TIMEOUT_OR_STATE_DECISION","max","TIMING_PATH_REPORTED","12","4","NVP_AUTOINIT/u_sequence/scl_filtered_r_reg/C","NVP_AUTOINIT/u_sequence/scl_low_released_count_reg[3]/CE","NOT_AVAILABLE","1.928","NOT_AVAILABLE","NOT_AVAILABLE","1","13.830","16.000","NOT_AVAILABLE","2"
"R1","SCL_FILTERED_TO_TIMEOUT_OR_STATE_DECISION","max","TIMING_PATH_REPORTED","12","5","NVP_AUTOINIT/u_sequence/scl_filtered_r_reg/C","NVP_AUTOINIT/u_sequence/scl_low_released_count_reg[4]/CE","NOT_AVAILABLE","1.928","NOT_AVAILABLE","NOT_AVAILABLE","1","13.830","16.000","NOT_AVAILABLE","2"
"R1","SCL_FILTERED_TO_TIMEOUT_OR_STATE_DECISION","max","TIMING_PATH_REPORTED","12","6","NVP_AUTOINIT/u_sequence/scl_filtered_r_reg/C","NVP_AUTOINIT/u_sequence/scl_low_released_count_reg[10]/CE","NOT_AVAILABLE","1.827","NOT_AVAILABLE","NOT_AVAILABLE","1","13.901","16.000","NOT_AVAILABLE","2"
"R1","SCL_FILTERED_TO_TIMEOUT_OR_STATE_DECISION","max","TIMING_PATH_REPORTED","12","7","NVP_AUTOINIT/u_sequence/scl_filtered_r_reg/C","NVP_AUTOINIT/u_sequence/scl_low_released_count_reg[6]/CE","NOT_AVAILABLE","1.827","NOT_AVAILABLE","NOT_AVAILABLE","1","13.901","16.000","NOT_AVAILABLE","2"
"R1","SCL_FILTERED_TO_TIMEOUT_OR_STATE_DECISION","max","TIMING_PATH_REPORTED","12","8","NVP_AUTOINIT/u_sequence/scl_filtered_r_reg/C","NVP_AUTOINIT/u_sequence/scl_low_released_count_reg[8]/CE","NOT_AVAILABLE","1.827","NOT_AVAILABLE","NOT_AVAILABLE","1","13.901","16.000","NOT_AVAILABLE","2"
"R1","SCL_FILTERED_TO_TIMEOUT_OR_STATE_DECISION","max","TIMING_PATH_REPORTED","12","9","NVP_AUTOINIT/u_sequence/scl_filtered_r_reg/C","NVP_AUTOINIT/u_sequence/scl_low_released_count_reg[9]/CE","NOT_AVAILABLE","1.827","NOT_AVAILABLE","NOT_AVAILABLE","1","13.901","16.000","NOT_AVAILABLE","2"
"R1","SCL_FILTERED_TO_TIMEOUT_OR_STATE_DECISION","max","TIMING_PATH_REPORTED","12","10","NVP_AUTOINIT/u_sequence/scl_filtered_r_reg/C","NVP_AUTOINIT/u_sequence/scl_low_released_count_reg[5]/CE","NOT_AVAILABLE","1.827","NOT_AVAILABLE","NOT_AVAILABLE","1","13.933","16.000","NOT_AVAILABLE","2"
"R1","SCL_FILTERED_TO_TIMEOUT_OR_STATE_DECISION","max","TIMING_PATH_REPORTED","12","11","NVP_AUTOINIT/u_sequence/scl_filtered_r_reg/C","NVP_AUTOINIT/u_sequence/scl_low_released_count_reg[7]/CE","NOT_AVAILABLE","1.827","NOT_AVAILABLE","NOT_AVAILABLE","1","13.933","16.000","NOT_AVAILABLE","2"
"R1","SCL_FILTERED_TO_TIMEOUT_OR_STATE_DECISION","min","TIMING_PATH_REPORTED","12","0","NVP_AUTOINIT/u_sequence/scl_filtered_r_reg/C","NVP_AUTOINIT/u_sequence/scl_low_released_count_reg[5]/CE","NOT_AVAILABLE","0.781","NOT_AVAILABLE","NOT_AVAILABLE","1","0.784","0.000","NOT_AVAILABLE","2"
"R1","SCL_FILTERED_TO_TIMEOUT_OR_STATE_DECISION","min","TIMING_PATH_REPORTED","12","1","NVP_AUTOINIT/u_sequence/scl_filtered_r_reg/C","NVP_AUTOINIT/u_sequence/scl_low_released_count_reg[7]/CE","NOT_AVAILABLE","0.781","NOT_AVAILABLE","NOT_AVAILABLE","1","0.784","0.000","NOT_AVAILABLE","2"
"R1","SCL_FILTERED_TO_TIMEOUT_OR_STATE_DECISION","min","TIMING_PATH_REPORTED","12","2","NVP_AUTOINIT/u_sequence/scl_filtered_r_reg/C","NVP_AUTOINIT/u_sequence/scl_timeout_seen_r_reg/D","NOT_AVAILABLE","0.913","NOT_AVAILABLE","NOT_AVAILABLE","2","0.786","0.000","NOT_AVAILABLE","2"
"R1","SCL_FILTERED_TO_TIMEOUT_OR_STATE_DECISION","min","TIMING_PATH_REPORTED","12","3","NVP_AUTOINIT/u_sequence/scl_filtered_r_reg/C","NVP_AUTOINIT/u_sequence/scl_low_released_count_reg[10]/CE","NOT_AVAILABLE","0.781","NOT_AVAILABLE","NOT_AVAILABLE","1","0.807","0.000","NOT_AVAILABLE","2"
"R1","SCL_FILTERED_TO_TIMEOUT_OR_STATE_DECISION","min","TIMING_PATH_REPORTED","12","4","NVP_AUTOINIT/u_sequence/scl_filtered_r_reg/C","NVP_AUTOINIT/u_sequence/scl_low_released_count_reg[6]/CE","NOT_AVAILABLE","0.781","NOT_AVAILABLE","NOT_AVAILABLE","1","0.807","0.000","NOT_AVAILABLE","2"
"R1","SCL_FILTERED_TO_TIMEOUT_OR_STATE_DECISION","min","TIMING_PATH_REPORTED","12","5","NVP_AUTOINIT/u_sequence/scl_filtered_r_reg/C","NVP_AUTOINIT/u_sequence/scl_low_released_count_reg[8]/CE","NOT_AVAILABLE","0.781","NOT_AVAILABLE","NOT_AVAILABLE","1","0.807","0.000","NOT_AVAILABLE","2"
"R1","SCL_FILTERED_TO_TIMEOUT_OR_STATE_DECISION","min","TIMING_PATH_REPORTED","12","6","NVP_AUTOINIT/u_sequence/scl_filtered_r_reg/C","NVP_AUTOINIT/u_sequence/scl_low_released_count_reg[9]/CE","NOT_AVAILABLE","0.781","NOT_AVAILABLE","NOT_AVAILABLE","1","0.807","0.000","NOT_AVAILABLE","2"
"R1","SCL_FILTERED_TO_TIMEOUT_OR_STATE_DECISION","min","TIMING_PATH_REPORTED","12","7","NVP_AUTOINIT/u_sequence/scl_filtered_r_reg/C","NVP_AUTOINIT/u_sequence/scl_low_released_count_reg[0]/CE","NOT_AVAILABLE","0.826","NOT_AVAILABLE","NOT_AVAILABLE","1","0.831","0.000","NOT_AVAILABLE","2"
"R1","SCL_FILTERED_TO_TIMEOUT_OR_STATE_DECISION","min","TIMING_PATH_REPORTED","12","8","NVP_AUTOINIT/u_sequence/scl_filtered_r_reg/C","NVP_AUTOINIT/u_sequence/scl_low_released_count_reg[1]/CE","NOT_AVAILABLE","0.826","NOT_AVAILABLE","NOT_AVAILABLE","1","0.831","0.000","NOT_AVAILABLE","2"
"R1","SCL_FILTERED_TO_TIMEOUT_OR_STATE_DECISION","min","TIMING_PATH_REPORTED","12","9","NVP_AUTOINIT/u_sequence/scl_filtered_r_reg/C","NVP_AUTOINIT/u_sequence/scl_low_released_count_reg[2]/CE","NOT_AVAILABLE","0.826","NOT_AVAILABLE","NOT_AVAILABLE","1","0.831","0.000","NOT_AVAILABLE","2"
"R1","SCL_FILTERED_TO_TIMEOUT_OR_STATE_DECISION","min","TIMING_PATH_REPORTED","12","10","NVP_AUTOINIT/u_sequence/scl_filtered_r_reg/C","NVP_AUTOINIT/u_sequence/scl_low_released_count_reg[3]/CE","NOT_AVAILABLE","0.826","NOT_AVAILABLE","NOT_AVAILABLE","1","0.831","0.000","NOT_AVAILABLE","2"
"R1","SCL_FILTERED_TO_TIMEOUT_OR_STATE_DECISION","min","TIMING_PATH_REPORTED","12","11","NVP_AUTOINIT/u_sequence/scl_filtered_r_reg/C","NVP_AUTOINIT/u_sequence/scl_low_released_count_reg[4]/CE","NOT_AVAILABLE","0.826","NOT_AVAILABLE","NOT_AVAILABLE","1","0.831","0.000","NOT_AVAILABLE","2"
"R1","SDA_OEN_REGISTER_Q_TO_IOBUF_T","max","PATH_NOT_FOUND","0","","","","","","","","","","","",""
"R1","SDA_OEN_REGISTER_Q_TO_IOBUF_T","min","PATH_NOT_FOUND","0","","","","","","","","","","","",""
"R1","SDA_CONTROL_TO_OEN_REGISTER_D","max","TIMING_PATH_REPORTED","1","0","NVP_AUTOINIT/u_sequence/FSM_onehot_state_reg[18]/C","NVP_AUTOINIT/u_sequence/sda_oen_r_reg/D","NOT_AVAILABLE","4.315","NOT_AVAILABLE","NOT_AVAILABLE","4","11.658","16.000","NOT_AVAILABLE","4"
"R1","SDA_CONTROL_TO_OEN_REGISTER_D","min","TIMING_PATH_REPORTED","1","0","NVP_AUTOINIT/u_sequence/FSM_onehot_state_reg[1]/C","NVP_AUTOINIT/u_sequence/sda_oen_r_reg/D","NOT_AVAILABLE","0.348","NOT_AVAILABLE","NOT_AVAILABLE","1","0.214","0.000","NOT_AVAILABLE","1"
"R1","SDA_CONTROL_TO_OEN_REGISTER_CE","max","TIMING_PATH_REPORTED","1","0","NVP_AUTOINIT/u_sequence/FSM_onehot_state_reg[18]/C","NVP_AUTOINIT/u_sequence/sda_oen_r_reg/CE","NOT_AVAILABLE","4.127","NOT_AVAILABLE","NOT_AVAILABLE","4","11.634","16.000","NOT_AVAILABLE","5"
"R1","SDA_CONTROL_TO_OEN_REGISTER_CE","min","TIMING_PATH_REPORTED","1","0","NVP_AUTOINIT/u_sequence/FSM_onehot_state_reg[28]/C","NVP_AUTOINIT/u_sequence/sda_oen_r_reg/CE","NOT_AVAILABLE","0.426","NOT_AVAILABLE","NOT_AVAILABLE","1","0.427","0.000","NOT_AVAILABLE","2"
"R1","SDA_IOBUF_O_TO_FIRST_SYNC_D","max","PATH_NOT_FOUND","0","","","","","","","","","","","",""
"R1","SDA_IOBUF_O_TO_FIRST_SYNC_D","min","PATH_NOT_FOUND","0","","","","","","","","","","","",""
"R1","SDA_SYNC0_Q_TO_SYNC1_D","max","TIMING_PATH_REPORTED","1","0","NVP_AUTOINIT/u_sequence/sda_sync_r_reg[0]/C","NVP_AUTOINIT/u_sequence/sda_sync_r_reg[1]/D","NOT_AVAILABLE","0.577","NOT_AVAILABLE","NOT_AVAILABLE","0","15.327","16.000","NOT_AVAILABLE","1"
"R1","SDA_SYNC0_Q_TO_SYNC1_D","min","TIMING_PATH_REPORTED","1","0","NVP_AUTOINIT/u_sequence/sda_sync_r_reg[0]/C","NVP_AUTOINIT/u_sequence/sda_sync_r_reg[1]/D","NOT_AVAILABLE","0.219","NOT_AVAILABLE","NOT_AVAILABLE","0","0.166","0.000","NOT_AVAILABLE","1"
"R1","SDA_SYNC1_TO_FILTER_LOGIC","max","TIMING_PATH_REPORTED","1","0","NVP_AUTOINIT/u_sequence/sda_sync_r_reg[1]/C","NVP_AUTOINIT/u_sequence/sda_filtered_r_reg/D","NOT_AVAILABLE","1.235","NOT_AVAILABLE","NOT_AVAILABLE","1","14.792","16.000","NOT_AVAILABLE","1"
"R1","SDA_SYNC1_TO_FILTER_LOGIC","min","TIMING_PATH_REPORTED","1","0","NVP_AUTOINIT/u_sequence/sda_sync_r_reg[1]/C","NVP_AUTOINIT/u_sequence/sda_filtered_r_reg/D","NOT_AVAILABLE","0.503","NOT_AVAILABLE","NOT_AVAILABLE","1","0.372","0.000","NOT_AVAILABLE","1"
"R1","SDA_FILTERED_TO_ACK_DECISION","max","TIMING_PATH_REPORTED","20","0","NVP_AUTOINIT/u_sequence/sda_filtered_r_reg/C","NVP_AUTOINIT/u_sequence/nack_log_r_reg[7][23]/CE","NOT_AVAILABLE","4.258","NOT_AVAILABLE","NOT_AVAILABLE","2","11.499","16.000","NOT_AVAILABLE","3"
"R1","SDA_FILTERED_TO_ACK_DECISION","max","TIMING_PATH_REPORTED","20","1","NVP_AUTOINIT/u_sequence/sda_filtered_r_reg/C","NVP_AUTOINIT/u_sequence/nack_log_r_reg[7][31]/CE","NOT_AVAILABLE","4.217","NOT_AVAILABLE","NOT_AVAILABLE","2","11.508","16.000","NOT_AVAILABLE","3"
"R1","SDA_FILTERED_TO_ACK_DECISION","max","TIMING_PATH_REPORTED","20","2","NVP_AUTOINIT/u_sequence/sda_filtered_r_reg/C","NVP_AUTOINIT/u_sequence/nack_log_r_reg[0][46]/CE","NOT_AVAILABLE","4.131","NOT_AVAILABLE","NOT_AVAILABLE","2","11.568","16.000","NOT_AVAILABLE","3"
"R1","SDA_FILTERED_TO_ACK_DECISION","max","TIMING_PATH_REPORTED","20","3","NVP_AUTOINIT/u_sequence/sda_filtered_r_reg/C","NVP_AUTOINIT/u_sequence/nack_log_r_reg[5][27]/CE","NOT_AVAILABLE","3.797","NOT_AVAILABLE","NOT_AVAILABLE","2","11.699","16.000","NOT_AVAILABLE","3"
"R1","SDA_FILTERED_TO_ACK_DECISION","max","TIMING_PATH_REPORTED","20","4","NVP_AUTOINIT/u_sequence/sda_filtered_r_reg/C","NVP_AUTOINIT/u_sequence/nack_log_r_reg[5][47]/CE","NOT_AVAILABLE","3.797","NOT_AVAILABLE","NOT_AVAILABLE","2","11.699","16.000","NOT_AVAILABLE","3"
"R1","SDA_FILTERED_TO_ACK_DECISION","max","TIMING_PATH_REPORTED","20","5","NVP_AUTOINIT/u_sequence/sda_filtered_r_reg/C","NVP_AUTOINIT/u_sequence/nack_log_r_reg[5][26]/CE","NOT_AVAILABLE","3.884","NOT_AVAILABLE","NOT_AVAILABLE","2","11.734","16.000","NOT_AVAILABLE","3"
"R1","SDA_FILTERED_TO_ACK_DECISION","max","TIMING_PATH_REPORTED","20","6","NVP_AUTOINIT/u_sequence/sda_filtered_r_reg/C","NVP_AUTOINIT/u_sequence/nack_log_r_reg[5][31]/CE","NOT_AVAILABLE","3.839","NOT_AVAILABLE","NOT_AVAILABLE","2","11.748","16.000","NOT_AVAILABLE","3"
"R1","SDA_FILTERED_TO_ACK_DECISION","max","TIMING_PATH_REPORTED","20","7","NVP_AUTOINIT/u_sequence/sda_filtered_r_reg/C","NVP_AUTOINIT/u_sequence/nack_log_r_reg[7][27]/CE","NOT_AVAILABLE","3.884","NOT_AVAILABLE","NOT_AVAILABLE","2","11.782","16.000","NOT_AVAILABLE","3"
"R1","SDA_FILTERED_TO_ACK_DECISION","max","TIMING_PATH_REPORTED","20","8","NVP_AUTOINIT/u_sequence/sda_filtered_r_reg/C","NVP_AUTOINIT/u_sequence/nack_log_r_reg[7][47]/CE","NOT_AVAILABLE","3.884","NOT_AVAILABLE","NOT_AVAILABLE","2","11.782","16.000","NOT_AVAILABLE","3"
"R1","SDA_FILTERED_TO_ACK_DECISION","max","TIMING_PATH_REPORTED","20","9","NVP_AUTOINIT/u_sequence/sda_filtered_r_reg/C","NVP_AUTOINIT/u_sequence/nack_log_r_reg[0][44]/CE","NOT_AVAILABLE","3.877","NOT_AVAILABLE","NOT_AVAILABLE","2","11.821","16.000","NOT_AVAILABLE","3"
"R1","SDA_FILTERED_TO_ACK_DECISION","max","TIMING_PATH_REPORTED","20","10","NVP_AUTOINIT/u_sequence/sda_filtered_r_reg/C","NVP_AUTOINIT/u_sequence/nack_log_r_reg[3][29]/CE","NOT_AVAILABLE","3.642","NOT_AVAILABLE","NOT_AVAILABLE","2","11.862","16.000","NOT_AVAILABLE","3"
"R1","SDA_FILTERED_TO_ACK_DECISION","max","TIMING_PATH_REPORTED","20","11","NVP_AUTOINIT/u_sequence/sda_filtered_r_reg/C","NVP_AUTOINIT/u_sequence/nack_log_r_reg[3][36]/CE","NOT_AVAILABLE","3.629","NOT_AVAILABLE","NOT_AVAILABLE","2","11.903","16.000","NOT_AVAILABLE","3"
"R1","SDA_FILTERED_TO_ACK_DECISION","max","TIMING_PATH_REPORTED","20","12","NVP_AUTOINIT/u_sequence/sda_filtered_r_reg/C","NVP_AUTOINIT/u_sequence/nack_log_r_reg[3][4]/CE","NOT_AVAILABLE","3.629","NOT_AVAILABLE","NOT_AVAILABLE","2","11.903","16.000","NOT_AVAILABLE","3"
"R1","SDA_FILTERED_TO_ACK_DECISION","max","TIMING_PATH_REPORTED","20","13","NVP_AUTOINIT/u_sequence/sda_filtered_r_reg/C","NVP_AUTOINIT/u_sequence/nack_log_r_reg[7][40]/CE","NOT_AVAILABLE","3.749","NOT_AVAILABLE","NOT_AVAILABLE","2","11.913","16.000","NOT_AVAILABLE","3"
"R1","SDA_FILTERED_TO_ACK_DECISION","max","TIMING_PATH_REPORTED","20","14","NVP_AUTOINIT/u_sequence/sda_filtered_r_reg/C","NVP_AUTOINIT/u_sequence/nack_log_r_reg[7][8]/CE","NOT_AVAILABLE","3.749","NOT_AVAILABLE","NOT_AVAILABLE","2","11.913","16.000","NOT_AVAILABLE","3"
"R1","SDA_FILTERED_TO_ACK_DECISION","max","TIMING_PATH_REPORTED","20","15","NVP_AUTOINIT/u_sequence/sda_filtered_r_reg/C","NVP_AUTOINIT/u_sequence/nack_log_r_reg[7][36]/CE","NOT_AVAILABLE","3.766","NOT_AVAILABLE","NOT_AVAILABLE","2","11.927","16.000","NOT_AVAILABLE","3"
"R1","SDA_FILTERED_TO_ACK_DECISION","max","TIMING_PATH_REPORTED","20","16","NVP_AUTOINIT/u_sequence/sda_filtered_r_reg/C","NVP_AUTOINIT/u_sequence/nack_log_r_reg[5][29]/CE","NOT_AVAILABLE","3.559","NOT_AVAILABLE","NOT_AVAILABLE","2","11.937","16.000","NOT_AVAILABLE","3"
"R1","SDA_FILTERED_TO_ACK_DECISION","max","TIMING_PATH_REPORTED","20","17","NVP_AUTOINIT/u_sequence/sda_filtered_r_reg/C","NVP_AUTOINIT/u_sequence/nack_log_r_reg[7][26]/CE","NOT_AVAILABLE","3.840","NOT_AVAILABLE","NOT_AVAILABLE","2","11.949","16.000","NOT_AVAILABLE","3"
"R1","SDA_FILTERED_TO_ACK_DECISION","max","TIMING_PATH_REPORTED","20","18","NVP_AUTOINIT/u_sequence/sda_filtered_r_reg/C","NVP_AUTOINIT/u_sequence/nack_log_r_reg[7][20]/CE","NOT_AVAILABLE","3.774","NOT_AVAILABLE","NOT_AVAILABLE","2","11.952","16.000","NOT_AVAILABLE","3"
"R1","SDA_FILTERED_TO_ACK_DECISION","max","TIMING_PATH_REPORTED","20","19","NVP_AUTOINIT/u_sequence/sda_filtered_r_reg/C","NVP_AUTOINIT/u_sequence/nack_log_r_reg[5][19]/CE","NOT_AVAILABLE","3.574","NOT_AVAILABLE","NOT_AVAILABLE","2","11.953","16.000","NOT_AVAILABLE","3"
"R1","SDA_FILTERED_TO_ACK_DECISION","min","TIMING_PATH_REPORTED","20","0","NVP_AUTOINIT/u_sequence/sda_filtered_r_reg/C","NVP_AUTOINIT/u_sequence/nack_log_overflow_r_reg/D","NOT_AVAILABLE","0.643","NOT_AVAILABLE","NOT_AVAILABLE","1","0.258","0.000","NOT_AVAILABLE","1"
"R1","SDA_FILTERED_TO_ACK_DECISION","min","TIMING_PATH_REPORTED","20","1","NVP_AUTOINIT/u_sequence/sda_filtered_r_reg/C","NVP_AUTOINIT/u_sequence/last_ack_r_reg/D","NOT_AVAILABLE","0.706","NOT_AVAILABLE","NOT_AVAILABLE","1","0.349","0.000","NOT_AVAILABLE","1"
"R1","SDA_FILTERED_TO_ACK_DECISION","min","TIMING_PATH_REPORTED","20","2","NVP_AUTOINIT/u_sequence/sda_filtered_r_reg/C","NVP_AUTOINIT/u_sequence/cur_error_reg/D","NOT_AVAILABLE","0.679","NOT_AVAILABLE","NOT_AVAILABLE","1","0.551","0.000","NOT_AVAILABLE","1"
"R1","SDA_FILTERED_TO_ACK_DECISION","min","TIMING_PATH_REPORTED","20","3","NVP_AUTOINIT/u_sequence/sda_filtered_r_reg/C","NVP_AUTOINIT/u_sequence/first_error_meta_bank_r_reg[2]/CE","NOT_AVAILABLE","0.849","NOT_AVAILABLE","NOT_AVAILABLE","1","0.622","0.000","NOT_AVAILABLE","2"
"R1","SDA_FILTERED_TO_ACK_DECISION","min","TIMING_PATH_REPORTED","20","4","NVP_AUTOINIT/u_sequence/sda_filtered_r_reg/C","NVP_AUTOINIT/u_sequence/first_error_meta_bank_r_reg[3]/CE","NOT_AVAILABLE","0.849","NOT_AVAILABLE","NOT_AVAILABLE","1","0.622","0.000","NOT_AVAILABLE","2"
"R1","SDA_FILTERED_TO_ACK_DECISION","min","TIMING_PATH_REPORTED","20","5","NVP_AUTOINIT/u_sequence/sda_filtered_r_reg/C","NVP_AUTOINIT/u_sequence/first_error_valid_r_reg/D","NOT_AVAILABLE","0.816","NOT_AVAILABLE","NOT_AVAILABLE","2","0.660","0.000","NOT_AVAILABLE","2"
"R1","SDA_FILTERED_TO_ACK_DECISION","min","TIMING_PATH_REPORTED","20","6","NVP_AUTOINIT/u_sequence/sda_filtered_r_reg/C","NVP_AUTOINIT/u_sequence/nack_log_r_reg[0][10]/CE","NOT_AVAILABLE","0.896","NOT_AVAILABLE","NOT_AVAILABLE","2","0.668","0.000","NOT_AVAILABLE","3"
"R1","SDA_FILTERED_TO_ACK_DECISION","min","TIMING_PATH_REPORTED","20","7","NVP_AUTOINIT/u_sequence/sda_filtered_r_reg/C","NVP_AUTOINIT/u_sequence/nack_log_r_reg[0][2]/CE","NOT_AVAILABLE","0.924","NOT_AVAILABLE","NOT_AVAILABLE","2","0.676","0.000","NOT_AVAILABLE","3"
"R1","SDA_FILTERED_TO_ACK_DECISION","min","TIMING_PATH_REPORTED","20","8","NVP_AUTOINIT/u_sequence/sda_filtered_r_reg/C","NVP_AUTOINIT/u_sequence/first_error_meta_bank_r_reg[6]/CE","NOT_AVAILABLE","0.921","NOT_AVAILABLE","NOT_AVAILABLE","1","0.690","0.000","NOT_AVAILABLE","2"
"R1","SDA_FILTERED_TO_ACK_DECISION","min","TIMING_PATH_REPORTED","20","9","NVP_AUTOINIT/u_sequence/sda_filtered_r_reg/C","NVP_AUTOINIT/u_sequence/first_error_meta_bank_r_reg[7]/CE","NOT_AVAILABLE","0.921","NOT_AVAILABLE","NOT_AVAILABLE","1","0.690","0.000","NOT_AVAILABLE","2"
"R1","SDA_FILTERED_TO_ACK_DECISION","min","TIMING_PATH_REPORTED","20","10","NVP_AUTOINIT/u_sequence/sda_filtered_r_reg/C","NVP_AUTOINIT/u_sequence/first_error_phys_bank_r_reg[4]/CE","NOT_AVAILABLE","0.921","NOT_AVAILABLE","NOT_AVAILABLE","1","0.690","0.000","NOT_AVAILABLE","2"
"R1","SDA_FILTERED_TO_ACK_DECISION","min","TIMING_PATH_REPORTED","20","11","NVP_AUTOINIT/u_sequence/sda_filtered_r_reg/C","NVP_AUTOINIT/u_sequence/first_error_phys_bank_r_reg[5]/CE","NOT_AVAILABLE","0.921","NOT_AVAILABLE","NOT_AVAILABLE","1","0.690","0.000","NOT_AVAILABLE","2"
"R1","SDA_FILTERED_TO_ACK_DECISION","min","TIMING_PATH_REPORTED","20","12","NVP_AUTOINIT/u_sequence/sda_filtered_r_reg/C","NVP_AUTOINIT/u_sequence/nack_count_r_reg[13]/CE","NOT_AVAILABLE","0.922","NOT_AVAILABLE","NOT_AVAILABLE","1","0.693","0.000","NOT_AVAILABLE","2"
"R1","SDA_FILTERED_TO_ACK_DECISION","min","TIMING_PATH_REPORTED","20","13","NVP_AUTOINIT/u_sequence/sda_filtered_r_reg/C","NVP_AUTOINIT/u_sequence/nack_log_r_reg[1][16]/CE","NOT_AVAILABLE","0.931","NOT_AVAILABLE","NOT_AVAILABLE","2","0.704","0.000","NOT_AVAILABLE","3"
"R1","SDA_FILTERED_TO_ACK_DECISION","min","TIMING_PATH_REPORTED","20","14","NVP_AUTOINIT/u_sequence/sda_filtered_r_reg/C","NVP_AUTOINIT/u_sequence/nack_log_r_reg[2][5]/CE","NOT_AVAILABLE","0.934","NOT_AVAILABLE","NOT_AVAILABLE","2","0.709","0.000","NOT_AVAILABLE","3"
"R1","SDA_FILTERED_TO_ACK_DECISION","min","TIMING_PATH_REPORTED","20","15","NVP_AUTOINIT/u_sequence/sda_filtered_r_reg/C","NVP_AUTOINIT/u_sequence/nack_count_r_reg[14]/CE","NOT_AVAILABLE","0.964","NOT_AVAILABLE","NOT_AVAILABLE","1","0.712","0.000","NOT_AVAILABLE","2"
"R1","SDA_FILTERED_TO_ACK_DECISION","min","TIMING_PATH_REPORTED","20","16","NVP_AUTOINIT/u_sequence/sda_filtered_r_reg/C","NVP_AUTOINIT/u_sequence/nack_count_r_reg[15]/CE","NOT_AVAILABLE","0.964","NOT_AVAILABLE","NOT_AVAILABLE","1","0.712","0.000","NOT_AVAILABLE","2"
"R1","SDA_FILTERED_TO_ACK_DECISION","min","TIMING_PATH_REPORTED","20","17","NVP_AUTOINIT/u_sequence/sda_filtered_r_reg/C","NVP_AUTOINIT/u_sequence/first_error_step_r_reg[0]/CE","NOT_AVAILABLE","0.963","NOT_AVAILABLE","NOT_AVAILABLE","1","0.713","0.000","NOT_AVAILABLE","2"
"R1","SDA_FILTERED_TO_ACK_DECISION","min","TIMING_PATH_REPORTED","20","18","NVP_AUTOINIT/u_sequence/sda_filtered_r_reg/C","NVP_AUTOINIT/u_sequence/first_error_step_r_reg[1]/CE","NOT_AVAILABLE","0.963","NOT_AVAILABLE","NOT_AVAILABLE","1","0.713","0.000","NOT_AVAILABLE","2"
"R1","SDA_FILTERED_TO_ACK_DECISION","min","TIMING_PATH_REPORTED","20","19","NVP_AUTOINIT/u_sequence/sda_filtered_r_reg/C","NVP_AUTOINIT/u_sequence/nack_count_r_reg[5]/CE","NOT_AVAILABLE","0.965","NOT_AVAILABLE","NOT_AVAILABLE","1","0.736","0.000","NOT_AVAILABLE","2"
