record_index,global_tick_sequence,state,previous_state,byte_phase,bit_index,operation_index,slot_index,init_phase,preinit_action,init_action,meta_bank,physical_bank,physical_bank_valid,is_read_operation,sda_drive_low,scl_drive_low,sda_filtered,scl_filtered,ack_decision_strobe,ack_value_used,first_nack_event,init_active,init_done,init_error,pending_bank,pending_register,pending_data,active_register,active_write_data,raw_hex
0,18548,0,,0,7,0,0,0,0,0,0,0,0,1,0,0,1,1,0,0,0,0,0,0,0,0,0,0,0,0x00000000000320000000000700004874
1,18549,0,0,0,7,0,0,0,0,0,0,0,0,1,0,0,1,1,0,0,0,0,0,0,0,0,0,0,0,0x00000000000320000000000700004875
2,18550,0,0,0,7,0,0,0,0,0,0,0,0,1,0,0,1,1,0,0,0,0,0,0,0,0,0,0,0,0x00000000000320000000000700004876
3,18551,0,0,0,7,0,0,0,0,0,0,0,0,1,0,0,1,1,0,0,0,0,0,0,0,0,0,0,0,0x00000000000320000000000700004877
4,18552,0,0,0,7,0,0,0,0,0,0,0,0,1,0,0,1,1,0,0,0,0,0,0,0,0,0,0,0,0x00000000000320000000000700004878
5,18553,0,0,0,7,0,0,0,0,0,0,0,0,1,0,0,1,1,0,0,0,0,0,0,0,0,0,0,0,0x00000000000320000000000700004879
6,18554,0,0,0,7,0,0,0,0,0,0,0,0,1,0,0,1,1,0,0,0,0,0,0,0,0,0,0,0,0x0000000000032000000000070000487A
7,18555,0,0,0,7,0,0,0,0,0,0,0,0,1,0,0,1,1,0,0,0,0,0,0,0,0,0,0,0,0x0000000000032000000000070000487B
8,18556,0,0,0,7,0,0,0,0,0,0,0,0,1,0,0,1,1,0,0,0,0,0,0,0,0,0,0,0,0x0000000000032000000000070000487C
9,18557,0,0,0,7,0,0,0,0,0,0,0,0,1,0,0,1,1,0,0,0,0,0,0,0,0,0,0,0,0x0000000000032000000000070000487D
10,18558,0,0,0,7,0,0,0,0,0,0,0,0,1,0,0,1,1,0,0,0,0,0,0,0,0,0,0,0,0x0000000000032000000000070000487E
11,18559,0,0,0,7,0,0,0,0,0,0,0,0,1,0,0,1,1,0,0,0,0,0,0,0,0,0,0,0,0x0000000000032000000000070000487F
12,18560,0,0,0,7,0,0,0,0,0,0,0,0,1,0,0,1,1,0,0,0,0,0,0,0,0,0,0,0,0x00000000000320000000000700004880
13,18561,0,0,0,7,0,0,0,0,0,0,0,0,1,0,0,1,1,0,0,0,0,0,0,0,0,0,0,0,0x00000000000320000000000700004881
14,18562,0,0,0,7,0,0,0,0,0,0,0,0,1,0,0,1,1,0,0,0,0,0,0,0,0,0,0,0,0x00000000000320000000000700004882
15,18563,0,0,0,7,0,0,0,0,0,0,0,0,1,0,0,1,1,0,0,0,0,0,0,0,0,0,0,0,0x00000000000320000000000700004883
16,18564,0,0,0,7,0,0,0,0,0,0,0,0,1,0,0,1,1,0,0,0,0,0,0,0,0,0,0,0,0x00000000000320000000000700004884
17,18565,0,0,0,7,0,0,0,0,0,0,0,0,1,0,0,1,1,0,0,0,0,0,0,0,0,0,0,0,0x00000000000320000000000700004885
18,18566,0,0,0,7,0,0,0,0,0,0,0,0,1,0,0,1,1,0,0,0,0,0,0,0,0,0,0,0,0x00000000000320000000000700004886
19,18567,0,0,0,7,0,0,0,0,0,0,0,0,1,0,0,1,1,0,0,0,0,0,0,0,0,0,0,0,0x00000000000320000000000700004887
20,18568,0,0,0,7,0,0,0,0,0,0,0,0,1,0,0,1,1,0,0,0,0,0,0,0,0,0,0,0,0x00000000000320000000000700004888
21,18569,0,0,0,7,0,0,0,0,0,0,0,0,1,0,0,1,1,0,0,0,0,0,0,0,0,0,0,0,0x00000000000320000000000700004889
22,18570,0,0,0,7,0,0,0,0,0,0,0,0,1,0,0,1,1,0,0,0,0,0,0,0,0,0,0,0,0x0000000000032000000000070000488A
23,18571,0,0,0,7,0,0,0,0,0,0,0,0,1,0,0,1,1,0,0,0,0,0,0,0,0,0,0,0,0x0000000000032000000000070000488B
24,18572,0,0,0,7,0,0,0,0,0,0,0,0,1,0,0,1,1,0,0,0,0,0,0,0,0,0,0,0,0x0000000000032000000000070000488C
25,18573,0,0,0,7,0,0,0,0,0,0,0,0,1,0,0,1,1,0,0,0,0,0,0,0,0,0,0,0,0x0000000000032000000000070000488D
26,18574,0,0,0,7,0,0,0,0,0,0,0,0,1,0,0,1,1,0,0,0,0,0,0,0,0,0,0,0,0x0000000000032000000000070000488E
27,18575,0,0,0,7,0,0,0,0,0,0,0,0,1,0,0,1,1,0,0,0,0,0,0,0,0,0,0,0,0x0000000000032000000000070000488F
28,18576,0,0,0,7,0,0,0,0,0,0,0,0,1,0,0,1,1,0,0,0,0,0,0,0,0,0,0,0,0x00000000000320000000000700004890
29,18577,0,0,0,7,0,0,0,0,0,0,0,0,1,0,0,1,1,0,0,0,0,0,0,0,0,0,0,0,0x00000000000320000000000700004891
30,18578,0,0,0,7,0,0,0,0,0,0,0,0,1,0,0,1,1,0,0,0,0,0,0,0,0,0,0,0,0x00000000000320000000000700004892
31,18579,0,0,0,7,0,0,0,0,0,0,0,0,1,0,0,1,1,0,0,0,0,0,0,0,0,0,0,0,0x00000000000320000000000700004893
32,18580,0,0,0,7,0,0,0,0,0,0,0,0,1,0,0,1,1,0,0,0,0,0,0,0,0,0,0,0,0x00000000000320000000000700004894
33,18581,0,0,0,7,0,0,0,0,0,0,0,0,1,0,0,1,1,0,0,0,0,0,0,0,0,0,0,0,0x00000000000320000000000700004895
34,18582,0,0,0,7,0,0,0,0,0,0,0,0,1,0,0,1,1,0,0,0,0,0,0,0,0,0,0,0,0x00000000000320000000000700004896
35,18583,0,0,0,7,0,0,0,0,0,0,0,0,1,0,0,1,1,0,0,0,0,0,0,0,0,0,0,0,0x00000000000320000000000700004897
36,18584,0,0,0,7,0,0,0,0,0,0,0,0,1,0,0,1,1,0,0,0,0,0,0,0,0,0,0,0,0x00000000000320000000000700004898
37,18585,0,0,0,7,0,0,0,0,0,0,0,0,1,0,0,1,1,0,0,0,0,0,0,0,0,0,0,0,0x00000000000320000000000700004899
38,18586,0,0,0,7,0,0,0,0,0,0,0,0,1,0,0,1,1,0,0,0,0,0,0,0,0,0,0,0,0x0000000000032000000000070000489A
39,18587,0,0,0,7,0,0,0,0,0,0,0,0,1,0,0,1,1,0,0,0,0,0,0,0,0,0,0,0,0x0000000000032000000000070000489B
40,18588,0,0,0,7,0,0,0,0,0,0,0,0,1,0,0,1,1,0,0,0,0,0,0,0,0,0,0,0,0x0000000000032000000000070000489C
41,18589,0,0,0,7,0,0,0,0,0,0,0,0,1,0,0,1,1,0,0,0,0,0,0,0,0,0,0,0,0x0000000000032000000000070000489D
42,18590,0,0,0,7,0,0,0,0,0,0,0,0,1,0,0,1,1,0,0,0,0,0,0,0,0,0,0,0,0x0000000000032000000000070000489E
43,18591,0,0,0,7,0,0,0,0,0,0,0,0,1,0,0,1,1,0,0,0,0,0,0,0,0,0,0,0,0x0000000000032000000000070000489F
44,18592,0,0,0,7,0,0,0,0,0,0,0,0,1,0,0,1,1,0,0,0,0,0,0,0,0,0,0,0,0x000000000003200000000007000048A0
45,18593,0,0,0,7,0,0,0,0,0,0,0,0,1,0,0,1,1,0,0,0,0,0,0,0,0,0,0,0,0x000000000003200000000007000048A1
46,18594,0,0,0,7,0,0,0,0,0,0,0,0,1,0,0,1,1,0,0,0,0,0,0,0,0,0,0,0,0x000000000003200000000007000048A2
47,18595,0,0,0,7,0,0,0,0,0,0,0,0,1,0,0,1,1,0,0,0,0,0,0,0,0,0,0,0,0x000000000003200000000007000048A3
48,18596,0,0,0,7,0,0,0,0,0,0,0,0,1,0,0,1,1,0,0,0,0,0,0,0,0,0,0,0,0x000000000003200000000007000048A4
49,18597,0,0,0,7,0,0,0,0,0,0,0,0,1,0,0,1,1,0,0,0,0,0,0,0,0,0,0,0,0x000000000003200000000007000048A5
50,18598,0,0,0,7,0,0,0,0,0,0,0,0,1,0,0,1,1,0,0,0,0,0,0,0,0,0,0,0,0x000000000003200000000007000048A6
51,18599,0,0,0,7,0,0,0,0,0,0,0,0,1,0,0,1,1,0,0,0,0,0,0,0,0,0,0,0,0x000000000003200000000007000048A7
52,18600,0,0,0,7,0,0,0,0,0,0,0,0,1,0,0,1,1,0,0,0,0,0,0,0,0,0,0,0,0x000000000003200000000007000048A8
53,18601,0,0,0,7,0,0,0,0,0,0,0,0,1,0,0,1,1,0,0,0,0,0,0,0,0,0,0,0,0x000000000003200000000007000048A9
54,18602,0,0,0,7,0,0,0,0,0,0,0,0,1,0,0,1,1,0,0,0,0,0,0,0,0,0,0,0,0x000000000003200000000007000048AA
55,18603,0,0,0,7,0,0,0,0,0,0,0,0,1,0,0,1,1,0,0,0,0,0,0,0,0,0,0,0,0x000000000003200000000007000048AB
56,18604,0,0,0,7,0,0,0,0,0,0,0,0,1,0,0,1,1,0,0,0,0,0,0,0,0,0,0,0,0x000000000003200000000007000048AC
57,18605,0,0,0,7,0,0,0,0,0,0,0,0,1,0,0,1,1,0,0,0,0,0,0,0,0,0,0,0,0x000000000003200000000007000048AD
58,18606,0,0,0,7,0,0,0,0,0,0,0,0,1,0,0,1,1,0,0,0,0,0,0,0,0,0,0,0,0x000000000003200000000007000048AE
59,18607,0,0,0,7,0,0,0,0,0,0,0,0,1,0,0,1,1,0,0,0,0,0,0,0,0,0,0,0,0x000000000003200000000007000048AF
60,18608,0,0,0,7,0,0,0,0,0,0,0,0,1,0,0,1,1,0,0,0,0,0,0,0,0,0,0,0,0x000000000003200000000007000048B0
61,18609,0,0,0,7,0,0,0,0,0,0,0,0,1,0,0,1,1,0,0,0,0,0,0,0,0,0,0,0,0x000000000003200000000007000048B1
62,18610,0,0,0,7,0,0,0,0,0,0,0,0,1,0,0,1,1,0,0,0,0,0,0,0,0,0,0,0,0x000000000003200000000007000048B2
63,18611,0,0,0,7,0,0,0,0,0,0,0,0,1,0,0,1,1,0,0,0,0,0,0,0,0,0,0,0,0x000000000003200000000007000048B3
64,18612,0,0,0,7,0,0,0,0,0,0,0,0,1,0,0,1,1,0,0,0,0,0,0,0,0,0,0,0,0x000000000003200000000007000048B4
65,18613,0,0,0,7,0,0,0,0,0,0,0,0,1,0,0,1,1,0,0,0,0,0,0,0,0,0,0,0,0x000000000003200000000007000048B5
66,18614,0,0,0,7,0,0,0,0,0,0,0,0,1,0,0,1,1,0,0,0,0,0,0,0,0,0,0,0,0x000000000003200000000007000048B6
67,18615,0,0,0,7,0,0,0,0,0,0,0,0,1,0,0,1,1,0,0,0,0,0,0,0,0,0,0,0,0x000000000003200000000007000048B7
68,18616,0,0,0,7,0,0,0,0,0,0,0,0,1,0,0,1,1,0,0,0,0,0,0,0,0,0,0,0,0x000000000003200000000007000048B8
69,18617,0,0,0,7,0,0,0,0,0,0,0,0,1,0,0,1,1,0,0,0,0,0,0,0,0,0,0,0,0x000000000003200000000007000048B9
70,18618,0,0,0,7,0,0,0,0,0,0,0,0,1,0,0,1,1,0,0,0,0,0,0,0,0,0,0,0,0x000000000003200000000007000048BA
71,18619,0,0,0,7,0,0,0,0,0,0,0,0,1,0,0,1,1,0,0,0,0,0,0,0,0,0,0,0,0x000000000003200000000007000048BB
72,18620,0,0,0,7,0,0,0,0,0,0,0,0,1,0,0,1,1,0,0,0,0,0,0,0,0,0,0,0,0x000000000003200000000007000048BC
73,18621,0,0,0,7,0,0,0,0,0,0,0,0,1,0,0,1,1,0,0,0,0,0,0,0,0,0,0,0,0x000000000003200000000007000048BD
74,18622,0,0,0,7,0,0,0,0,0,0,0,0,1,0,0,1,1,0,0,0,0,0,0,0,0,0,0,0,0x000000000003200000000007000048BE
75,18623,0,0,0,7,0,0,0,0,0,0,0,0,1,0,0,1,1,0,0,0,0,0,0,0,0,0,0,0,0x000000000003200000000007000048BF
76,18624,0,0,0,7,0,0,0,0,0,0,0,0,1,0,0,1,1,0,0,0,0,0,0,0,0,0,0,0,0x000000000003200000000007000048C0
77,18625,0,0,0,7,0,0,0,0,0,0,0,0,1,0,0,1,1,0,0,0,0,0,0,0,0,0,0,0,0x000000000003200000000007000048C1
78,18626,0,0,0,7,0,0,0,0,0,0,0,0,1,0,0,1,1,0,0,0,0,0,0,0,0,0,0,0,0x000000000003200000000007000048C2
79,18627,0,0,0,7,0,0,0,0,0,0,0,0,1,0,0,1,1,0,0,0,0,0,0,0,0,0,0,0,0x000000000003200000000007000048C3
80,18628,0,0,0,7,0,0,0,0,0,0,0,0,1,0,0,1,1,0,0,0,0,0,0,0,0,0,0,0,0x000000000003200000000007000048C4
81,18629,0,0,0,7,0,0,0,0,0,0,0,0,1,0,0,1,1,0,0,0,0,0,0,0,0,0,0,0,0x000000000003200000000007000048C5
82,18630,0,0,0,7,0,0,0,0,0,0,0,0,1,0,0,1,1,0,0,0,0,0,0,0,0,0,0,0,0x000000000003200000000007000048C6
83,18631,0,0,0,7,0,0,0,0,0,0,0,0,1,0,0,1,1,0,0,0,0,0,0,0,0,0,0,0,0x000000000003200000000007000048C7
84,18632,0,0,0,7,0,0,0,0,0,0,0,0,1,0,0,1,1,0,0,0,0,0,0,0,0,0,0,0,0x000000000003200000000007000048C8
85,18633,0,0,0,7,0,0,0,0,0,0,0,0,1,0,0,1,1,0,0,0,0,0,0,0,0,0,0,0,0x000000000003200000000007000048C9
86,18634,0,0,0,7,0,0,0,0,0,0,0,0,1,0,0,1,1,0,0,0,0,0,0,0,0,0,0,0,0x000000000003200000000007000048CA
87,18635,0,0,0,7,0,0,0,0,0,0,0,0,1,0,0,1,1,0,0,0,0,0,0,0,0,0,0,0,0x000000000003200000000007000048CB
88,18636,0,0,0,7,0,0,0,0,0,0,0,0,1,0,0,1,1,0,0,0,0,0,0,0,0,0,0,0,0x000000000003200000000007000048CC
89,18637,0,0,0,7,0,0,0,0,0,0,0,0,1,0,0,1,1,0,0,0,0,0,0,0,0,0,0,0,0x000000000003200000000007000048CD
90,18638,0,0,0,7,0,0,0,0,0,0,0,0,1,0,0,1,1,0,0,0,0,0,0,0,0,0,0,0,0x000000000003200000000007000048CE
91,18639,0,0,0,7,0,0,0,0,0,0,0,0,1,0,0,1,1,0,0,0,0,0,0,0,0,0,0,0,0x000000000003200000000007000048CF
92,18640,0,0,0,7,0,0,0,0,0,0,0,0,1,0,0,1,1,0,0,0,0,0,0,0,0,0,0,0,0x000000000003200000000007000048D0
93,18641,0,0,0,7,0,0,0,0,0,0,0,0,1,0,0,1,1,0,0,0,0,0,0,0,0,0,0,0,0x000000000003200000000007000048D1
94,18642,0,0,0,7,0,0,0,0,0,0,0,0,1,0,0,1,1,0,0,0,0,0,0,0,0,0,0,0,0x000000000003200000000007000048D2
95,18643,0,0,0,7,0,0,0,0,0,0,0,0,1,0,0,1,1,0,0,0,0,0,0,0,0,0,0,0,0x000000000003200000000007000048D3
96,18644,0,0,0,7,0,0,0,0,0,0,0,0,1,0,0,1,1,0,0,0,0,0,0,0,0,0,0,0,0x000000000003200000000007000048D4
97,18645,0,0,0,7,0,0,0,0,0,0,0,0,1,0,0,1,1,0,0,0,0,0,0,0,0,0,0,0,0x000000000003200000000007000048D5
98,18646,0,0,0,7,0,0,0,0,0,0,0,0,1,0,0,1,1,0,0,0,0,0,0,0,0,0,0,0,0x000000000003200000000007000048D6
99,18647,0,0,0,7,0,0,0,0,0,0,0,0,1,0,0,1,1,0,0,0,0,0,0,0,0,0,0,0,0x000000000003200000000007000048D7
100,18648,0,0,0,7,0,0,0,0,0,0,0,0,1,0,0,1,1,0,0,0,0,0,0,0,0,0,0,0,0x000000000003200000000007000048D8
101,18649,0,0,0,7,0,0,0,0,0,0,0,0,1,0,0,1,1,0,0,0,0,0,0,0,0,0,0,0,0x000000000003200000000007000048D9
102,18650,0,0,0,7,0,0,0,0,0,0,0,0,1,0,0,1,1,0,0,0,0,0,0,0,0,0,0,0,0x000000000003200000000007000048DA
103,18651,0,0,0,7,0,0,0,0,0,0,0,0,1,0,0,1,1,0,0,0,0,0,0,0,0,0,0,0,0x000000000003200000000007000048DB
104,18652,0,0,0,7,0,0,0,0,0,0,0,0,1,0,0,1,1,0,0,0,0,0,0,0,0,0,0,0,0x000000000003200000000007000048DC
105,18653,0,0,0,7,0,0,0,0,0,0,0,0,1,0,0,1,1,0,0,0,0,0,0,0,0,0,0,0,0x000000000003200000000007000048DD
106,18654,0,0,0,7,0,0,0,0,0,0,0,0,1,0,0,1,1,0,0,0,0,0,0,0,0,0,0,0,0x000000000003200000000007000048DE
107,18655,0,0,0,7,0,0,0,0,0,0,0,0,1,0,0,1,1,0,0,0,0,0,0,0,0,0,0,0,0x000000000003200000000007000048DF
108,18656,0,0,0,7,0,0,0,0,0,0,0,0,1,0,0,1,1,0,0,0,0,0,0,0,0,0,0,0,0x000000000003200000000007000048E0
109,18657,0,0,0,7,0,0,0,0,0,0,0,0,1,0,0,1,1,0,0,0,0,0,0,0,0,0,0,0,0x000000000003200000000007000048E1
110,18658,0,0,0,7,0,0,0,0,0,0,0,0,1,0,0,1,1,0,0,0,0,0,0,0,0,0,0,0,0x000000000003200000000007000048E2
111,18659,0,0,0,7,0,0,0,0,0,0,0,0,1,0,0,1,1,0,0,0,0,0,0,0,0,0,0,0,0x000000000003200000000007000048E3
112,18660,0,0,0,7,0,0,0,0,0,0,0,0,1,0,0,1,1,0,0,0,0,0,0,0,0,0,0,0,0x000000000003200000000007000048E4
113,18661,0,0,0,7,0,0,0,0,0,0,0,0,1,0,0,1,1,0,0,0,0,0,0,0,0,0,0,0,0x000000000003200000000007000048E5
114,18662,0,0,0,7,0,0,0,0,0,0,0,0,1,0,0,1,1,0,0,0,0,0,0,0,0,0,0,0,0x000000000003200000000007000048E6
115,18663,0,0,0,7,0,0,0,0,0,0,0,0,1,0,0,1,1,0,0,0,0,0,0,0,0,0,0,0,0x000000000003200000000007000048E7
116,18664,0,0,0,7,0,0,0,0,0,0,0,0,1,0,0,1,1,0,0,0,0,0,0,0,0,0,0,0,0x000000000003200000000007000048E8
117,18665,0,0,0,7,0,0,0,0,0,0,0,0,1,0,0,1,1,0,0,0,0,0,0,0,0,0,0,0,0x000000000003200000000007000048E9
118,18666,0,0,0,7,0,0,0,0,0,0,0,0,1,0,0,1,1,0,0,0,0,0,0,0,0,0,0,0,0x000000000003200000000007000048EA
119,18667,0,0,0,7,0,0,0,0,0,0,0,0,1,0,0,1,1,0,0,0,0,0,0,0,0,0,0,0,0x000000000003200000000007000048EB
120,18668,0,0,0,7,0,0,0,0,0,0,0,0,1,0,0,1,1,0,0,0,0,0,0,0,0,0,0,0,0x000000000003200000000007000048EC
121,18669,0,0,0,7,0,0,0,0,0,0,0,0,1,0,0,1,1,0,0,0,0,0,0,0,0,0,0,0,0x000000000003200000000007000048ED
122,18670,0,0,0,7,0,0,0,0,0,0,0,0,1,0,0,1,1,0,0,0,0,0,0,0,0,0,0,0,0x000000000003200000000007000048EE
123,18671,0,0,0,7,0,0,0,0,0,0,0,0,1,0,0,1,1,0,0,0,0,0,0,0,0,0,0,0,0x000000000003200000000007000048EF
124,18672,0,0,0,7,0,0,0,0,0,0,0,0,1,0,0,1,1,0,0,0,0,0,0,0,0,0,0,0,0x000000000003200000000007000048F0
125,18673,0,0,0,7,0,0,0,0,0,0,0,0,1,0,0,1,1,0,0,0,0,0,0,0,0,0,0,0,0x000000000003200000000007000048F1
126,18674,0,0,0,7,0,0,0,0,0,0,0,0,1,0,0,1,1,0,0,0,0,0,0,0,0,0,0,0,0x000000000003200000000007000048F2
127,18675,0,0,0,7,0,0,0,0,0,0,0,0,1,0,0,1,1,0,0,0,0,0,0,0,0,0,0,0,0x000000000003200000000007000048F3
128,18676,0,0,0,7,0,0,0,0,0,0,0,0,1,0,0,1,1,0,0,0,0,0,0,0,0,0,0,0,0x000000000003200000000007000048F4
129,18677,0,0,0,7,0,0,0,0,0,0,0,0,1,0,0,1,1,0,0,0,0,0,0,0,0,0,0,0,0x000000000003200000000007000048F5
130,18678,0,0,0,7,0,0,0,0,0,0,0,0,1,0,0,1,1,0,0,0,0,0,0,0,0,0,0,0,0x000000000003200000000007000048F6
131,18679,0,0,0,7,0,0,0,0,0,0,0,0,1,0,0,1,1,0,0,0,0,0,0,0,0,0,0,0,0x000000000003200000000007000048F7
132,18680,0,0,0,7,0,0,0,0,0,0,0,0,1,0,0,1,1,0,0,0,0,0,0,0,0,0,0,0,0x000000000003200000000007000048F8
133,18681,0,0,0,7,0,0,0,0,0,0,0,0,1,0,0,1,1,0,0,0,0,0,0,0,0,0,0,0,0x000000000003200000000007000048F9
134,18682,0,0,0,7,0,0,0,0,0,0,0,0,1,0,0,1,1,0,0,0,0,0,0,0,0,0,0,0,0x000000000003200000000007000048FA
135,18683,0,0,0,7,0,0,0,0,0,0,0,0,1,0,0,1,1,0,0,0,0,0,0,0,0,0,0,0,0x000000000003200000000007000048FB
136,18684,0,0,0,7,0,0,0,0,0,0,0,0,1,0,0,1,1,0,0,0,0,0,0,0,0,0,0,0,0x000000000003200000000007000048FC
137,18685,0,0,0,7,0,0,0,0,0,0,0,0,1,0,0,1,1,0,0,0,0,0,0,0,0,0,0,0,0x000000000003200000000007000048FD
138,18686,0,0,0,7,0,0,0,0,0,0,0,0,1,0,0,1,1,0,0,0,0,0,0,0,0,0,0,0,0x000000000003200000000007000048FE
139,18687,0,0,0,7,0,0,0,0,0,0,0,0,1,0,0,1,1,0,0,0,0,0,0,0,0,0,0,0,0x000000000003200000000007000048FF
140,18688,0,0,0,7,0,0,0,0,0,0,0,0,1,0,0,1,1,0,0,0,0,0,0,0,0,0,0,0,0x00000000000320000000000700004900
141,18689,1,0,0,7,0,0,0,0,0,0,0,0,1,0,0,1,1,0,0,0,1,0,0,0,0,0,0,0,0x00000000002320000000000700014901
142,18690,2,1,0,7,0,0,0,0,0,0,0,0,1,0,0,1,1,0,0,0,1,0,0,0,0,0,255,0,0x00FF0000002320000000000700024902
143,18691,3,2,0,7,0,0,0,0,0,0,0,0,1,1,0,0,1,0,1,0,1,0,0,0,0,0,255,0,0x00FF0000002A60000000000700034903
144,18692,4,3,1,7,0,0,0,0,0,0,0,0,1,1,1,0,0,0,1,0,1,0,0,0,0,0,255,0,0x00FF00000028E0000000000701044904
145,18693,5,4,1,7,0,0,0,0,0,0,0,0,1,1,1,0,0,0,1,0,1,0,0,0,0,0,255,0,0x00FF00000028E0000000000701054905
146,18694,4,5,1,6,0,0,0,0,0,0,0,0,1,1,0,0,1,0,1,0,1,0,0,0,0,0,255,0,0x00FF0000002A60000000000601044906
147,18695,5,4,1,6,0,0,0,0,0,0,0,0,1,0,1,1,0,0,0,0,1,0,0,0,0,0,255,0,0x00FF00000021A0000000000601054907
148,18696,4,5,1,5,0,0,0,0,0,0,0,0,1,0,0,1,1,0,0,0,1,0,0,0,0,0,255,0,0x00FF0000002320000000000501044908
149,18697,5,4,1,5,0,0,0,0,0,0,0,0,1,0,1,1,0,0,0,0,1,0,0,0,0,0,255,0,0x00FF00000021A0000000000501054909
150,18698,4,5,1,4,0,0,0,0,0,0,0,0,1,0,0,1,1,0,0,0,1,0,0,0,0,0,255,0,0x00FF000000232000000000040104490A
151,18699,5,4,1,4,0,0,0,0,0,0,0,0,1,1,1,0,0,0,1,0,1,0,0,0,0,0,255,0,0x00FF00000028E000000000040105490B
152,18700,4,5,1,3,0,0,0,0,0,0,0,0,1,1,0,0,1,0,1,0,1,0,0,0,0,0,255,0,0x00FF0000002A6000000000030104490C
153,18701,5,4,1,3,0,0,0,0,0,0,0,0,1,1,1,0,0,0,1,0,1,0,0,0,0,0,255,0,0x00FF00000028E000000000030105490D
154,18702,4,5,1,2,0,0,0,0,0,0,0,0,1,1,0,0,1,0,1,0,1,0,0,0,0,0,255,0,0x00FF0000002A6000000000020104490E
155,18703,5,4,1,2,0,0,0,0,0,0,0,0,1,1,1,0,0,0,1,0,1,0,0,0,0,0,255,0,0x00FF00000028E000000000020105490F
156,18704,4,5,1,1,0,0,0,0,0,0,0,0,1,1,0,0,1,0,1,0,1,0,0,0,0,0,255,0,0x00FF0000002A60000000000101044910
157,18705,5,4,1,1,0,0,0,0,0,0,0,0,1,1,1,0,0,0,1,0,1,0,0,0,0,0,255,0,0x00FF00000028E0000000000101054911
158,18706,4,5,1,0,0,0,0,0,0,0,0,0,1,1,0,0,1,0,1,0,1,0,0,0,0,0,255,0,0x00FF0000002A60000000000001044912
159,18707,5,4,1,0,0,0,0,0,0,0,0,0,1,1,1,0,0,0,1,0,1,0,0,0,0,0,255,0,0x00FF00000028E0000000000001054913
160,18708,6,5,1,0,0,0,0,0,0,0,0,0,1,1,0,0,1,0,1,0,1,0,0,0,0,0,255,0,0x00FF0000002A60000000000001064914
161,18709,7,6,1,0,0,0,0,0,0,0,0,0,1,0,1,0,0,1,1,0,1,0,0,0,0,0,255,0,0x00FF0000002CA0000000000001074915
162,18710,8,7,2,7,0,0,0,0,0,0,0,0,1,0,0,0,1,0,1,0,1,0,0,0,0,0,255,0,0x00FF0000002A20000000000702084916
163,18711,9,8,2,7,0,0,0,0,0,0,0,0,1,0,1,1,0,0,0,0,1,0,0,0,0,0,255,0,0x00FF00000021A0000000000702094917
164,18712,8,9,2,6,0,0,0,0,0,0,0,0,1,0,0,1,1,0,0,0,1,0,0,0,0,0,255,0,0x00FF0000002320000000000602084918
165,18713,9,8,2,6,0,0,0,0,0,0,0,0,1,0,1,1,0,0,0,0,1,0,0,0,0,0,255,0,0x00FF00000021A0000000000602094919
166,18714,8,9,2,5,0,0,0,0,0,0,0,0,1,0,0,1,1,0,0,0,1,0,0,0,0,0,255,0,0x00FF000000232000000000050208491A
167,18715,9,8,2,5,0,0,0,0,0,0,0,0,1,0,1,1,0,0,0,0,1,0,0,0,0,0,255,0,0x00FF00000021A000000000050209491B
168,18716,8,9,2,4,0,0,0,0,0,0,0,0,1,0,0,1,1,0,0,0,1,0,0,0,0,0,255,0,0x00FF000000232000000000040208491C
169,18717,9,8,2,4,0,0,0,0,0,0,0,0,1,0,1,1,0,0,0,0,1,0,0,0,0,0,255,0,0x00FF00000021A000000000040209491D
170,18718,8,9,2,3,0,0,0,0,0,0,0,0,1,0,0,1,1,0,0,0,1,0,0,0,0,0,255,0,0x00FF000000232000000000030208491E
171,18719,9,8,2,3,0,0,0,0,0,0,0,0,1,0,1,1,0,0,0,0,1,0,0,0,0,0,255,0,0x00FF00000021A000000000030209491F
172,18720,8,9,2,2,0,0,0,0,0,0,0,0,1,0,0,1,1,0,0,0,1,0,0,0,0,0,255,0,0x00FF0000002320000000000202084920
173,18721,9,8,2,2,0,0,0,0,0,0,0,0,1,0,1,1,0,0,0,0,1,0,0,0,0,0,255,0,0x00FF00000021A0000000000202094921
174,18722,8,9,2,1,0,0,0,0,0,0,0,0,1,0,0,1,1,0,0,0,1,0,0,0,0,0,255,0,0x00FF0000002320000000000102084922
175,18723,9,8,2,1,0,0,0,0,0,0,0,0,1,0,1,1,0,0,0,0,1,0,0,0,0,0,255,0,0x00FF00000021A0000000000102094923
176,18724,8,9,2,0,0,0,0,0,0,0,0,0,1,0,0,1,1,0,0,0,1,0,0,0,0,0,255,0,0x00FF0000002320000000000002084924
177,18725,9,8,2,0,0,0,0,0,0,0,0,0,1,0,1,1,0,0,0,0,1,0,0,0,0,0,255,0,0x00FF00000021A0000000000002094925
178,18726,10,9,2,0,0,0,0,0,0,0,0,0,1,0,0,1,1,0,0,0,1,0,0,0,0,0,255,0,0x00FF00000023200000000000020A4926
179,18727,11,10,2,0,0,0,0,0,0,0,0,0,1,0,1,0,0,1,1,0,1,0,0,0,0,0,255,0,0x00FF0000002CA00000000000020B4927
180,18728,16,11,0,0,0,0,0,0,0,0,0,0,1,0,0,0,1,0,1,0,1,0,0,0,0,0,255,0,0x00FF0000002A20000000000000104928
181,18729,17,16,0,0,0,0,0,0,0,0,0,0,1,0,1,1,0,0,0,0,1,0,0,0,0,0,255,0,0x00FF00000021A0000000000000114929
182,18730,18,17,0,0,0,0,0,0,0,0,0,0,1,0,0,1,1,0,0,0,1,0,0,0,0,0,255,0,0x00FF000000232000000000000012492A
183,18731,19,18,0,0,0,0,0,0,0,0,0,0,1,1,0,0,1,0,1,0,1,0,0,0,0,0,255,0,0x00FF0000002A6000000000000013492B
184,18732,20,19,4,7,0,0,0,0,0,0,0,0,1,1,1,0,0,0,1,0,1,0,0,0,0,0,255,0,0x00FF00000028E000000000070414492C
185,18733,21,20,4,7,0,0,0,0,0,0,0,0,1,1,1,0,0,0,1,0,1,0,0,0,0,0,255,0,0x00FF00000028E000000000070415492D
186,18734,20,21,4,6,0,0,0,0,0,0,0,0,1,1,0,0,1,0,1,0,1,0,0,0,0,0,255,0,0x00FF0000002A6000000000060414492E
187,18735,21,20,4,6,0,0,0,0,0,0,0,0,1,0,1,1,0,0,0,0,1,0,0,0,0,0,255,0,0x00FF00000021A000000000060415492F
188,18736,20,21,4,5,0,0,0,0,0,0,0,0,1,0,0,1,1,0,0,0,1,0,0,0,0,0,255,0,0x00FF0000002320000000000504144930
189,18737,21,20,4,5,0,0,0,0,0,0,0,0,1,0,1,1,0,0,0,0,1,0,0,0,0,0,255,0,0x00FF00000021A0000000000504154931
190,18738,20,21,4,4,0,0,0,0,0,0,0,0,1,0,0,1,1,0,0,0,1,0,0,0,0,0,255,0,0x00FF0000002320000000000404144932
191,18739,21,20,4,4,0,0,0,0,0,0,0,0,1,1,1,0,0,0,1,0,1,0,0,0,0,0,255,0,0x00FF00000028E0000000000404154933
192,18740,20,21,4,3,0,0,0,0,0,0,0,0,1,1,0,0,1,0,1,0,1,0,0,0,0,0,255,0,0x00FF0000002A60000000000304144934
193,18741,21,20,4,3,0,0,0,0,0,0,0,0,1,1,1,0,0,0,1,0,1,0,0,0,0,0,255,0,0x00FF00000028E0000000000304154935
194,18742,20,21,4,2,0,0,0,0,0,0,0,0,1,1,0,0,1,0,1,0,1,0,0,0,0,0,255,0,0x00FF0000002A60000000000204144936
195,18743,21,20,4,2,0,0,0,0,0,0,0,0,1,1,1,0,0,0,1,0,1,0,0,0,0,0,255,0,0x00FF00000028E0000000000204154937
196,18744,20,21,4,1,0,0,0,0,0,0,0,0,1,1,0,0,1,0,1,0,1,0,0,0,0,0,255,0,0x00FF0000002A60000000000104144938
197,18745,21,20,4,1,0,0,0,0,0,0,0,0,1,1,1,0,0,0,1,0,1,0,0,0,0,0,255,0,0x00FF00000028E0000000000104154939
198,18746,20,21,4,0,0,0,0,0,0,0,0,0,1,1,0,0,1,0,1,0,1,0,0,0,0,0,255,0,0x00FF0000002A6000000000000414493A
199,18747,21,20,4,0,0,0,0,0,0,0,0,0,1,0,1,1,0,0,0,0,1,0,0,0,0,0,255,0,0x00FF00000021A000000000000415493B
200,18748,22,21,4,0,0,0,0,0,0,0,0,0,1,0,0,1,1,0,0,0,1,0,0,0,0,0,255,0,0x00FF000000232000000000000416493C
201,18749,23,22,4,0,0,0,0,0,0,0,0,0,1,0,1,0,0,1,1,0,1,0,0,0,0,0,255,0,0x00FF0000002CA000000000000417493D
202,18750,24,23,0,7,0,0,0,0,0,0,0,0,1,0,0,0,1,0,1,0,1,0,0,0,0,0,255,0,0x00FF0000002A2000000000070018493E
203,18751,25,24,0,7,0,0,0,0,0,0,0,0,1,0,1,0,0,0,1,0,1,0,0,0,0,0,255,0,0x00FF00000028A000000000070019493F
204,18752,24,25,0,6,0,0,0,0,0,0,0,0,1,0,0,0,1,0,1,0,1,0,0,0,0,0,255,0,0x00FF0000002A20000000000600184940
205,18753,25,24,0,6,0,0,0,0,0,0,0,0,1,0,1,0,0,0,1,0,1,0,0,0,0,0,255,0,0x00FF00000028A0000000000600194941
206,18754,24,25,0,5,0,0,0,0,0,0,0,0,1,0,0,0,1,0,1,0,1,0,0,0,0,0,255,0,0x00FF0000002A20000000000500184942
207,18755,25,24,0,5,0,0,0,0,0,0,0,0,1,0,1,0,0,0,1,0,1,0,0,0,0,0,255,0,0x00FF00000028A0000000000500194943
208,18756,24,25,0,4,0,0,0,0,0,0,0,0,1,0,0,0,1,0,1,0,1,0,0,0,0,0,255,0,0x00FF0000002A20000000000400184944
209,18757,25,24,0,4,0,0,0,0,0,0,0,0,1,0,1,0,0,0,1,0,1,0,0,0,0,0,255,0,0x00FF00000028A0000000000400194945
210,18758,24,25,0,3,0,0,0,0,0,0,0,0,1,0,0,0,1,0,1,0,1,0,0,0,0,0,255,0,0x00FF0000002A20000000000300184946
211,18759,25,24,0,3,0,0,0,0,0,0,0,0,1,0,1,0,0,0,1,0,1,0,0,0,0,0,255,0,0x00FF00000028A0000000000300194947
212,18760,24,25,0,2,0,0,0,0,0,0,0,0,1,0,0,0,1,0,1,0,1,0,0,0,0,0,255,0,0x00FF0000002A20000000000200184948
213,18761,25,24,0,2,0,0,0,0,0,0,0,0,1,0,1,0,0,0,1,0,1,0,0,0,0,0,255,0,0x00FF00000028A0000000000200194949
214,18762,24,25,0,1,0,0,0,0,0,0,0,0,1,0,0,0,1,0,1,0,1,0,0,0,0,0,255,0,0x00FF0000002A2000000000010018494A
215,18763,25,24,0,1,0,0,0,0,0,0,0,0,1,0,1,0,0,0,1,0,1,0,0,0,0,0,255,0,0x00FF00000028A000000000010019494B
216,18764,24,25,0,0,0,0,0,0,0,0,0,0,1,0,0,0,1,0,1,0,1,0,0,0,0,0,255,0,0x00FF0000002A2000000000000018494C
217,18765,25,24,0,0,0,0,0,0,0,0,0,0,1,0,1,0,0,0,1,0,1,0,0,0,0,0,255,0,0x00FF00000028A000000000000019494D
218,18766,26,25,0,0,0,0,0,0,0,0,0,0,1,0,0,0,1,0,1,0,1,0,0,0,0,0,255,0,0x00FF0000002A200000000000001A494E
219,18767,27,26,0,0,0,0,0,0,0,0,0,0,1,0,1,1,0,0,0,0,1,0,0,0,0,0,255,0,0x00FF00000021A00000000000001B494F
220,18768,28,27,0,0,0,0,0,0,0,0,0,0,1,0,0,1,1,0,0,0,1,0,0,0,0,0,255,0,0x00FF00000023200000000000001C4950
221,18769,29,28,0,0,0,0,0,0,0,0,0,0,1,1,1,0,0,0,1,0,1,0,0,0,0,0,255,0,0x00FF00000028E00000000000001D4951
222,18770,30,29,0,0,0,0,0,0,0,0,0,0,1,0,0,1,1,0,0,0,1,0,0,0,0,0,255,0,0x00FF00000023200000000000001E4952
223,18771,31,30,0,0,0,0,0,0,0,0,0,1,1,0,0,1,1,0,0,0,1,0,0,0,0,0,255,0,0x00FF00000023300000000000001F4953
224,18772,1,31,0,0,0,0,0,1,0,0,0,1,1,0,0,1,1,0,0,0,1,0,0,0,0,0,255,0,0x00FF0000002330000100000000014954
225,18773,2,1,0,7,0,0,0,1,0,0,0,1,0,0,0,1,1,0,0,0,1,0,0,0,0,0,255,0,0x00FF0000002310000100000700024955
226,18774,3,2,0,7,0,0,0,1,0,0,0,1,0,1,0,0,1,0,1,0,1,0,0,0,0,0,255,0,0x00FF0000002A50000100000700034956
227,18775,4,3,1,7,0,0,0,1,0,0,0,1,0,1,1,0,0,0,1,0,1,0,0,0,0,0,255,0,0x00FF00000028D0000100000701044957
228,18776,5,4,1,7,0,0,0,1,0,0,0,1,0,1,1,0,0,0,1,0,1,0,0,0,0,0,255,0,0x00FF00000028D0000100000701054958
229,18777,4,5,1,6,0,0,0,1,0,0,0,1,0,1,0,0,1,0,1,0,1,0,0,0,0,0,255,0,0x00FF0000002A50000100000601044959
230,18778,5,4,1,6,0,0,0,1,0,0,0,1,0,0,1,1,0,0,0,0,1,0,0,0,0,0,255,0,0x00FF000000219000010000060105495A
231,18779,4,5,1,5,0,0,0,1,0,0,0,1,0,0,0,1,1,0,0,0,1,0,0,0,0,0,255,0,0x00FF000000231000010000050104495B
232,18780,5,4,1,5,0,0,0,1,0,0,0,1,0,0,1,1,0,0,0,0,1,0,0,0,0,0,255,0,0x00FF000000219000010000050105495C
233,18781,4,5,1,4,0,0,0,1,0,0,0,1,0,0,0,1,1,0,0,0,1,0,0,0,0,0,255,0,0x00FF000000231000010000040104495D
234,18782,5,4,1,4,0,0,0,1,0,0,0,1,0,1,1,0,0,0,1,0,1,0,0,0,0,0,255,0,0x00FF00000028D000010000040105495E
235,18783,4,5,1,3,0,0,0,1,0,0,0,1,0,1,0,0,1,0,1,0,1,0,0,0,0,0,255,0,0x00FF0000002A5000010000030104495F
236,18784,5,4,1,3,0,0,0,1,0,0,0,1,0,1,1,0,0,0,1,0,1,0,0,0,0,0,255,0,0x00FF00000028D0000100000301054960
237,18785,4,5,1,2,0,0,0,1,0,0,0,1,0,1,0,0,1,0,1,0,1,0,0,0,0,0,255,0,0x00FF0000002A50000100000201044961
238,18786,5,4,1,2,0,0,0,1,0,0,0,1,0,1,1,0,0,0,1,0,1,0,0,0,0,0,255,0,0x00FF00000028D0000100000201054962
239,18787,4,5,1,1,0,0,0,1,0,0,0,1,0,1,0,0,1,0,1,0,1,0,0,0,0,0,255,0,0x00FF0000002A50000100000101044963
240,18788,5,4,1,1,0,0,0,1,0,0,0,1,0,1,1,0,0,0,1,0,1,0,0,0,0,0,255,0,0x00FF00000028D0000100000101054964
241,18789,4,5,1,0,0,0,0,1,0,0,0,1,0,1,0,0,1,0,1,0,1,0,0,0,0,0,255,0,0x00FF0000002A50000100000001044965
242,18790,5,4,1,0,0,0,0,1,0,0,0,1,0,1,1,0,0,0,1,0,1,0,0,0,0,0,255,0,0x00FF00000028D0000100000001054966
243,18791,6,5,1,0,0,0,0,1,0,0,0,1,0,1,0,0,1,0,1,0,1,0,0,0,0,0,255,0,0x00FF0000002A50000100000001064967
244,18792,7,6,1,0,0,0,0,1,0,0,0,1,0,0,1,0,0,1,1,0,1,0,0,0,0,0,255,0,0x00FF0000002C90000100000001074968
245,18793,8,7,2,7,0,0,0,1,0,0,0,1,0,0,0,0,1,0,1,0,1,0,0,0,0,0,255,0,0x00FF0000002A10000100000702084969
246,18794,9,8,2,7,0,0,0,1,0,0,0,1,0,0,1,1,0,0,0,0,1,0,0,0,0,0,255,0,0x00FF000000219000010000070209496A
247,18795,8,9,2,6,0,0,0,1,0,0,0,1,0,0,0,1,1,0,0,0,1,0,0,0,0,0,255,0,0x00FF000000231000010000060208496B
248,18796,9,8,2,6,0,0,0,1,0,0,0,1,0,0,1,1,0,0,0,0,1,0,0,0,0,0,255,0,0x00FF000000219000010000060209496C
249,18797,8,9,2,5,0,0,0,1,0,0,0,1,0,0,0,1,1,0,0,0,1,0,0,0,0,0,255,0,0x00FF000000231000010000050208496D
250,18798,9,8,2,5,0,0,0,1,0,0,0,1,0,0,1,1,0,0,0,0,1,0,0,0,0,0,255,0,0x00FF000000219000010000050209496E
251,18799,8,9,2,4,0,0,0,1,0,0,0,1,0,0,0,1,1,0,0,0,1,0,0,0,0,0,255,0,0x00FF000000231000010000040208496F
252,18800,9,8,2,4,0,0,0,1,0,0,0,1,0,0,1,1,0,0,0,0,1,0,0,0,0,0,255,0,0x00FF0000002190000100000402094970
253,18801,8,9,2,3,0,0,0,1,0,0,0,1,0,0,0,1,1,0,0,0,1,0,0,0,0,0,255,0,0x00FF0000002310000100000302084971
254,18802,9,8,2,3,0,0,0,1,0,0,0,1,0,0,1,1,0,0,0,0,1,0,0,0,0,0,255,0,0x00FF0000002190000100000302094972
255,18803,8,9,2,2,0,0,0,1,0,0,0,1,0,0,0,1,1,0,0,0,1,0,0,0,0,0,255,0,0x00FF0000002310000100000202084973
256,18804,9,8,2,2,0,0,0,1,0,0,0,1,0,0,1,1,0,0,0,0,1,0,0,0,0,0,255,0,0x00FF0000002190000100000202094974
257,18805,8,9,2,1,0,0,0,1,0,0,0,1,0,0,0,1,1,0,0,0,1,0,0,0,0,0,255,0,0x00FF0000002310000100000102084975
258,18806,9,8,2,1,0,0,0,1,0,0,0,1,0,0,1,1,0,0,0,0,1,0,0,0,0,0,255,0,0x00FF0000002190000100000102094976
259,18807,8,9,2,0,0,0,0,1,0,0,0,1,0,0,0,1,1,0,0,0,1,0,0,0,0,0,255,0,0x00FF0000002310000100000002084977
260,18808,9,8,2,0,0,0,0,1,0,0,0,1,0,0,1,1,0,0,0,0,1,0,0,0,0,0,255,0,0x00FF0000002190000100000002094978
261,18809,10,9,2,0,0,0,0,1,0,0,0,1,0,0,0,1,1,0,0,0,1,0,0,0,0,0,255,0,0x00FF00000023100001000000020A4979
262,18810,11,10,2,0,0,0,0,1,0,0,0,1,0,0,1,0,0,1,1,0,1,0,0,0,0,0,255,0,0x00FF0000002C900001000000020B497A
263,18811,12,11,3,7,0,0,0,1,0,0,0,1,0,0,0,0,1,0,1,0,1,0,0,0,0,0,255,0,0x00FF0000002A100001000007030C497B
264,18812,13,12,3,7,0,0,0,1,0,0,0,1,0,1,1,0,0,0,1,0,1,0,0,0,0,0,255,0,0x00FF00000028D00001000007030D497C
265,18813,12,13,3,6,0,0,0,1,0,0,0,1,0,1,0,0,1,0,1,0,1,0,0,0,0,0,255,0,0x00FF0000002A500001000006030C497D
266,18814,13,12,3,6,0,0,0,1,0,0,0,1,0,1,1,0,0,0,1,0,1,0,0,0,0,0,255,0,0x00FF00000028D00001000006030D497E
267,18815,12,13,3,5,0,0,0,1,0,0,0,1,0,1,0,0,1,0,1,0,1,0,0,0,0,0,255,0,0x00FF0000002A500001000005030C497F
268,18816,13,12,3,5,0,0,0,1,0,0,0,1,0,1,1,0,0,0,1,0,1,0,0,0,0,0,255,0,0x00FF00000028D00001000005030D4980
269,18817,12,13,3,4,0,0,0,1,0,0,0,1,0,1,0,0,1,0,1,0,1,0,0,0,0,0,255,0,0x00FF0000002A500001000004030C4981
270,18818,13,12,3,4,0,0,0,1,0,0,0,1,0,1,1,0,0,0,1,0,1,0,0,0,0,0,255,0,0x00FF00000028D00001000004030D4982
271,18819,12,13,3,3,0,0,0,1,0,0,0,1,0,1,0,0,1,0,1,0,1,0,0,0,0,0,255,0,0x00FF0000002A500001000003030C4983
272,18820,13,12,3,3,0,0,0,1,0,0,0,1,0,1,1,0,0,0,1,0,1,0,0,0,0,0,255,0,0x00FF00000028D00001000003030D4984
273,18821,12,13,3,2,0,0,0,1,0,0,0,1,0,1,0,0,1,0,1,0,1,0,0,0,0,0,255,0,0x00FF0000002A500001000002030C4985
274,18822,13,12,3,2,0,0,0,1,0,0,0,1,0,1,1,0,0,0,1,0,1,0,0,0,0,0,255,0,0x00FF00000028D00001000002030D4986
275,18823,12,13,3,1,0,0,0,1,0,0,0,1,0,1,0,0,1,0,1,0,1,0,0,0,0,0,255,0,0x00FF0000002A500001000001030C4987
276,18824,13,12,3,1,0,0,0,1,0,0,0,1,0,1,1,0,0,0,1,0,1,0,0,0,0,0,255,0,0x00FF00000028D00001000001030D4988
277,18825,12,13,3,0,0,0,0,1,0,0,0,1,0,1,0,0,1,0,1,0,1,0,0,0,0,0,255,0,0x00FF0000002A500001000000030C4989
278,18826,13,12,3,0,0,0,0,1,0,0,0,1,0,1,1,0,0,0,1,0,1,0,0,0,0,0,255,0,0x00FF00000028D00001000000030D498A
279,18827,14,13,3,0,0,0,0,1,0,0,0,1,0,1,0,0,1,0,1,0,1,0,0,0,0,0,255,0,0x00FF0000002A500001000000030E498B
280,18828,15,14,3,0,0,0,0,1,0,0,0,1,0,0,1,0,0,1,1,0,1,0,0,0,0,0,255,0,0x00FF0000002C900001000000030F498C
281,18829,28,15,0,0,0,0,0,1,0,0,0,1,0,0,0,0,1,0,1,0,1,0,0,0,0,0,255,0,0x00FF0000002A100001000000001C498D
282,18830,29,28,0,0,0,0,0,1,0,0,0,1,0,1,1,0,0,0,1,0,1,0,0,0,0,0,255,0,0x00FF00000028D00001000000001D498E
283,18831,30,29,0,0,0,0,0,1,0,0,0,1,0,0,0,1,1,0,0,0,1,0,0,0,0,0,255,0,0x00FF00000023100001000000001E498F
284,18832,31,30,0,0,0,0,0,1,0,0,0,1,0,0,0,1,1,0,0,0,1,0,0,0,0,0,255,0,0x00FF00000023100001000000001F4990
285,18833,1,31,0,0,0,0,0,2,0,0,0,1,0,0,0,1,1,0,0,0,1,0,0,0,0,0,255,0,0x00FF0000002310000200000000014991
286,18834,2,1,0,7,0,0,0,2,0,0,0,1,1,0,0,1,1,0,0,0,1,0,0,0,0,0,255,0,0x00FF0000002330000200000700024992
287,18835,3,2,0,7,0,0,0,2,0,0,0,1,1,1,0,0,1,0,1,0,1,0,0,0,0,0,255,0,0x00FF0000002A70000200000700034993
288,18836,4,3,1,7,0,0,0,2,0,0,0,1,1,1,1,0,0,0,1,0,1,0,0,0,0,0,255,0,0x00FF00000028F0000200000701044994
289,18837,5,4,1,7,0,0,0,2,0,0,0,1,1,1,1,0,0,0,1,0,1,0,0,0,0,0,255,0,0x00FF00000028F0000200000701054995
290,18838,4,5,1,6,0,0,0,2,0,0,0,1,1,1,0,0,1,0,1,0,1,0,0,0,0,0,255,0,0x00FF0000002A70000200000601044996
291,18839,5,4,1,6,0,0,0,2,0,0,0,1,1,0,1,1,0,0,0,0,1,0,0,0,0,0,255,0,0x00FF00000021B0000200000601054997
292,18840,4,5,1,5,0,0,0,2,0,0,0,1,1,0,0,1,1,0,0,0,1,0,0,0,0,0,255,0,0x00FF0000002330000200000501044998
293,18841,5,4,1,5,0,0,0,2,0,0,0,1,1,0,1,1,0,0,0,0,1,0,0,0,0,0,255,0,0x00FF00000021B0000200000501054999
294,18842,4,5,1,4,0,0,0,2,0,0,0,1,1,0,0,1,1,0,0,0,1,0,0,0,0,0,255,0,0x00FF000000233000020000040104499A
295,18843,5,4,1,4,0,0,0,2,0,0,0,1,1,1,1,0,0,0,1,0,1,0,0,0,0,0,255,0,0x00FF00000028F000020000040105499B
296,18844,4,5,1,3,0,0,0,2,0,0,0,1,1,1,0,0,1,0,1,0,1,0,0,0,0,0,255,0,0x00FF0000002A7000020000030104499C
297,18845,5,4,1,3,0,0,0,2,0,0,0,1,1,1,1,0,0,0,1,0,1,0,0,0,0,0,255,0,0x00FF00000028F000020000030105499D
298,18846,4,5,1,2,0,0,0,2,0,0,0,1,1,1,0,0,1,0,1,0,1,0,0,0,0,0,255,0,0x00FF0000002A7000020000020104499E
299,18847,5,4,1,2,0,0,0,2,0,0,0,1,1,1,1,0,0,0,1,0,1,0,0,0,0,0,255,0,0x00FF00000028F000020000020105499F
300,18848,4,5,1,1,0,0,0,2,0,0,0,1,1,1,0,0,1,0,1,0,1,0,0,0,0,0,255,0,0x00FF0000002A700002000001010449A0
301,18849,5,4,1,1,0,0,0,2,0,0,0,1,1,1,1,0,0,0,1,0,1,0,0,0,0,0,255,0,0x00FF00000028F00002000001010549A1
302,18850,4,5,1,0,0,0,0,2,0,0,0,1,1,1,0,0,1,0,1,0,1,0,0,0,0,0,255,0,0x00FF0000002A700002000000010449A2
303,18851,5,4,1,0,0,0,0,2,0,0,0,1,1,1,1,0,0,0,1,0,1,0,0,0,0,0,255,0,0x00FF00000028F00002000000010549A3
304,18852,6,5,1,0,0,0,0,2,0,0,0,1,1,1,0,0,1,0,1,0,1,0,0,0,0,0,255,0,0x00FF0000002A700002000000010649A4
305,18853,7,6,1,0,0,0,0,2,0,0,0,1,1,0,1,0,0,1,1,0,1,0,0,0,0,0,255,0,0x00FF0000002CB00002000000010749A5
306,18854,8,7,2,7,0,0,0,2,0,0,0,1,1,0,0,0,1,0,1,0,1,0,0,0,0,0,255,0,0x00FF0000002A300002000007020849A6
307,18855,9,8,2,7,0,0,0,2,0,0,0,1,1,0,1,1,0,0,0,0,1,0,0,0,0,0,255,0,0x00FF00000021B00002000007020949A7
308,18856,8,9,2,6,0,0,0,2,0,0,0,1,1,0,0,1,1,0,0,0,1,0,0,0,0,0,255,0,0x00FF00000023300002000006020849A8
309,18857,9,8,2,6,0,0,0,2,0,0,0,1,1,0,1,1,0,0,0,0,1,0,0,0,0,0,255,0,0x00FF00000021B00002000006020949A9
310,18858,8,9,2,5,0,0,0,2,0,0,0,1,1,0,0,1,1,0,0,0,1,0,0,0,0,0,255,0,0x00FF00000023300002000005020849AA
311,18859,9,8,2,5,0,0,0,2,0,0,0,1,1,0,1,1,0,0,0,0,1,0,0,0,0,0,255,0,0x00FF00000021B00002000005020949AB
312,18860,8,9,2,4,0,0,0,2,0,0,0,1,1,0,0,1,1,0,0,0,1,0,0,0,0,0,255,0,0x00FF00000023300002000004020849AC
313,18861,9,8,2,4,0,0,0,2,0,0,0,1,1,0,1,1,0,0,0,0,1,0,0,0,0,0,255,0,0x00FF00000021B00002000004020949AD
314,18862,8,9,2,3,0,0,0,2,0,0,0,1,1,0,0,1,1,0,0,0,1,0,0,0,0,0,255,0,0x00FF00000023300002000003020849AE
315,18863,9,8,2,3,0,0,0,2,0,0,0,1,1,0,1,1,0,0,0,0,1,0,0,0,0,0,255,0,0x00FF00000021B00002000003020949AF
316,18864,8,9,2,2,0,0,0,2,0,0,0,1,1,0,0,1,1,0,0,0,1,0,0,0,0,0,255,0,0x00FF00000023300002000002020849B0
317,18865,9,8,2,2,0,0,0,2,0,0,0,1,1,0,1,1,0,0,0,0,1,0,0,0,0,0,255,0,0x00FF00000021B00002000002020949B1
318,18866,8,9,2,1,0,0,0,2,0,0,0,1,1,0,0,1,1,0,0,0,1,0,0,0,0,0,255,0,0x00FF00000023300002000001020849B2
319,18867,9,8,2,1,0,0,0,2,0,0,0,1,1,0,1,1,0,0,0,0,1,0,0,0,0,0,255,0,0x00FF00000021B00002000001020949B3
320,18868,8,9,2,0,0,0,0,2,0,0,0,1,1,0,0,1,1,0,0,0,1,0,0,0,0,0,255,0,0x00FF00000023300002000000020849B4
321,18869,9,8,2,0,0,0,0,2,0,0,0,1,1,0,1,1,0,0,0,0,1,0,0,0,0,0,255,0,0x00FF00000021B00002000000020949B5
322,18870,10,9,2,0,0,0,0,2,0,0,0,1,1,0,0,1,1,0,0,0,1,0,0,0,0,0,255,0,0x00FF00000023300002000000020A49B6
323,18871,11,10,2,0,0,0,0,2,0,0,0,1,1,0,1,0,0,1,1,0,1,0,0,0,0,0,255,0,0x00FF0000002CB00002000000020B49B7
324,18872,16,11,0,0,0,0,0,2,0,0,0,1,1,0,0,0,1,0,1,0,1,0,0,0,0,0,255,0,0x00FF0000002A300002000000001049B8
325,18873,17,16,0,0,0,0,0,2,0,0,0,1,1,0,1,1,0,0,0,0,1,0,0,0,0,0,255,0,0x00FF00000021B00002000000001149B9
326,18874,18,17,0,0,0,0,0,2,0,0,0,1,1,0,0,1,1,0,0,0,1,0,0,0,0,0,255,0,0x00FF00000023300002000000001249BA
327,18875,19,18,0,0,0,0,0,2,0,0,0,1,1,1,0,0,1,0,1,0,1,0,0,0,0,0,255,0,0x00FF0000002A700002000000001349BB
328,18876,20,19,4,7,0,0,0,2,0,0,0,1,1,1,1,0,0,0,1,0,1,0,0,0,0,0,255,0,0x00FF00000028F00002000007041449BC
329,18877,21,20,4,7,0,0,0,2,0,0,0,1,1,1,1,0,0,0,1,0,1,0,0,0,0,0,255,0,0x00FF00000028F00002000007041549BD
330,18878,20,21,4,6,0,0,0,2,0,0,0,1,1,1,0,0,1,0,1,0,1,0,0,0,0,0,255,0,0x00FF0000002A700002000006041449BE
331,18879,21,20,4,6,0,0,0,2,0,0,0,1,1,0,1,1,0,0,0,0,1,0,0,0,0,0,255,0,0x00FF00000021B00002000006041549BF
332,18880,20,21,4,5,0,0,0,2,0,0,0,1,1,0,0,1,1,0,0,0,1,0,0,0,0,0,255,0,0x00FF00000023300002000005041449C0
333,18881,21,20,4,5,0,0,0,2,0,0,0,1,1,0,1,1,0,0,0,0,1,0,0,0,0,0,255,0,0x00FF00000021B00002000005041549C1
334,18882,20,21,4,4,0,0,0,2,0,0,0,1,1,0,0,1,1,0,0,0,1,0,0,0,0,0,255,0,0x00FF00000023300002000004041449C2
335,18883,21,20,4,4,0,0,0,2,0,0,0,1,1,1,1,0,0,0,1,0,1,0,0,0,0,0,255,0,0x00FF00000028F00002000004041549C3
336,18884,20,21,4,3,0,0,0,2,0,0,0,1,1,1,0,0,1,0,1,0,1,0,0,0,0,0,255,0,0x00FF0000002A700002000003041449C4
337,18885,21,20,4,3,0,0,0,2,0,0,0,1,1,1,1,0,0,0,1,0,1,0,0,0,0,0,255,0,0x00FF00000028F00002000003041549C5
338,18886,20,21,4,2,0,0,0,2,0,0,0,1,1,1,0,0,1,0,1,0,1,0,0,0,0,0,255,0,0x00FF0000002A700002000002041449C6
339,18887,21,20,4,2,0,0,0,2,0,0,0,1,1,1,1,0,0,0,1,0,1,0,0,0,0,0,255,0,0x00FF00000028F00002000002041549C7
340,18888,20,21,4,1,0,0,0,2,0,0,0,1,1,1,0,0,1,0,1,0,1,0,0,0,0,0,255,0,0x00FF0000002A700002000001041449C8
341,18889,21,20,4,1,0,0,0,2,0,0,0,1,1,1,1,0,0,0,1,0,1,0,0,0,0,0,255,0,0x00FF00000028F00002000001041549C9
342,18890,20,21,4,0,0,0,0,2,0,0,0,1,1,1,0,0,1,0,1,0,1,0,0,0,0,0,255,0,0x00FF0000002A700002000000041449CA
343,18891,21,20,4,0,0,0,0,2,0,0,0,1,1,0,1,1,0,0,0,0,1,0,0,0,0,0,255,0,0x00FF00000021B00002000000041549CB
344,18892,22,21,4,0,0,0,0,2,0,0,0,1,1,0,0,1,1,0,0,0,1,0,0,0,0,0,255,0,0x00FF00000023300002000000041649CC
345,18893,23,22,4,0,0,0,0,2,0,0,0,1,1,0,1,0,0,1,1,0,1,0,0,0,0,0,255,0,0x00FF0000002CB00002000000041749CD
346,18894,24,23,0,7,0,0,0,2,0,0,0,1,1,0,0,0,1,0,1,0,1,0,0,0,0,0,255,0,0x00FF0000002A300002000007001849CE
347,18895,25,24,0,7,0,0,0,2,0,0,0,1,1,0,1,0,0,0,1,0,1,0,0,0,0,0,255,0,0x00FF00000028B00002000007001949CF
348,18896,24,25,0,6,0,0,0,2,0,0,0,1,1,0,0,0,1,0,1,0,1,0,0,0,0,0,255,0,0x00FF0000002A300002000006001849D0
349,18897,25,24,0,6,0,0,0,2,0,0,0,1,1,0,1,0,0,0,1,0,1,0,0,0,0,0,255,0,0x00FF00000028B00002000006001949D1
350,18898,24,25,0,5,0,0,0,2,0,0,0,1,1,0,0,0,1,0,1,0,1,0,0,0,0,0,255,0,0x00FF0000002A300002000005001849D2
351,18899,25,24,0,5,0,0,0,2,0,0,0,1,1,0,1,0,0,0,1,0,1,0,0,0,0,0,255,0,0x00FF00000028B00002000005001949D3
352,18900,24,25,0,4,0,0,0,2,0,0,0,1,1,0,0,0,1,0,1,0,1,0,0,0,0,0,255,0,0x00FF0000002A300002000004001849D4
353,18901,25,24,0,4,0,0,0,2,0,0,0,1,1,0,1,0,0,0,1,0,1,0,0,0,0,0,255,0,0x00FF00000028B00002000004001949D5
354,18902,24,25,0,3,0,0,0,2,0,0,0,1,1,0,0,0,1,0,1,0,1,0,0,0,0,0,255,0,0x00FF0000002A300002000003001849D6
355,18903,25,24,0,3,0,0,0,2,0,0,0,1,1,0,1,0,0,0,1,0,1,0,0,0,0,0,255,0,0x00FF00000028B00002000003001949D7
356,18904,24,25,0,2,0,0,0,2,0,0,0,1,1,0,0,0,1,0,1,0,1,0,0,0,0,0,255,0,0x00FF0000002A300002000002001849D8
357,18905,25,24,0,2,0,0,0,2,0,0,0,1,1,0,1,0,0,0,1,0,1,0,0,0,0,0,255,0,0x00FF00000028B00002000002001949D9
358,18906,24,25,0,1,0,0,0,2,0,0,0,1,1,0,0,0,1,0,1,0,1,0,0,0,0,0,255,0,0x00FF0000002A300002000001001849DA
359,18907,25,24,0,1,0,0,0,2,0,0,0,1,1,0,1,0,0,0,1,0,1,0,0,0,0,0,255,0,0x00FF00000028B00002000001001949DB
360,18908,24,25,0,0,0,0,0,2,0,0,0,1,1,0,0,0,1,0,1,0,1,0,0,0,0,0,255,0,0x00FF0000002A300002000000001849DC
361,18909,25,24,0,0,0,0,0,2,0,0,0,1,1,0,1,0,0,0,1,0,1,0,0,0,0,0,255,0,0x00FF00000028B00002000000001949DD
362,18910,26,25,0,0,0,0,0,2,0,0,0,1,1,0,0,0,1,0,1,0,1,0,0,0,0,0,255,0,0x00FF0000002A300002000000001A49DE
363,18911,27,26,0,0,0,0,0,2,0,0,0,1,1,0,1,1,0,0,0,0,1,0,0,0,0,0,255,0,0x00FF00000021B00002000000001B49DF
364,18912,28,27,0,0,0,0,0,2,0,0,0,1,1,0,0,1,1,0,0,0,1,0,0,0,0,0,255,0,0x00FF00000023300002000000001C49E0
365,18913,29,28,0,0,0,0,0,2,0,0,0,1,1,1,1,0,0,0,1,0,1,0,0,0,0,0,255,0,0x00FF00000028F00002000000001D49E1
366,18914,30,29,0,0,0,0,0,2,0,0,0,1,1,0,0,1,1,0,0,0,1,0,0,0,0,0,255,0,0x00FF00000023300002000000001E49E2
367,18915,31,30,0,0,0,0,0,2,0,0,0,1,1,0,0,1,1,0,0,0,1,0,0,0,0,0,255,0,0x00FF00000023300002000000001F49E3
368,18916,1,31,0,0,1,0,1,2,0,0,0,1,1,0,0,1,1,0,0,0,1,0,0,0,0,0,255,0,0x00FF00000023300002100010000149E4
369,18917,2,1,0,7,1,0,1,2,3,0,0,1,0,0,0,1,1,0,0,0,1,0,0,0,128,15,128,15,0x0F800F80002310000E100017000249E5
370,18918,3,2,0,7,1,0,1,2,3,0,0,1,0,1,0,0,1,0,1,0,1,0,0,0,128,15,128,15,0x0F800F80002A50000E100017000349E6
371,18919,4,3,1,7,1,0,1,2,3,0,0,1,0,1,1,0,0,0,1,0,1,0,0,0,128,15,128,15,0x0F800F800028D0000E100017010449E7
372,18920,5,4,1,7,1,0,1,2,3,0,0,1,0,1,1,0,0,0,1,0,1,0,0,0,128,15,128,15,0x0F800F800028D0000E100017010549E8
373,18921,4,5,1,6,1,0,1,2,3,0,0,1,0,1,0,0,1,0,1,0,1,0,0,0,128,15,128,15,0x0F800F80002A50000E100016010449E9
374,18922,5,4,1,6,1,0,1,2,3,0,0,1,0,0,1,1,0,0,0,0,1,0,0,0,128,15,128,15,0x0F800F80002190000E100016010549EA
375,18923,4,5,1,5,1,0,1,2,3,0,0,1,0,0,0,1,1,0,0,0,1,0,0,0,128,15,128,15,0x0F800F80002310000E100015010449EB
376,18924,5,4,1,5,1,0,1,2,3,0,0,1,0,0,1,1,0,0,0,0,1,0,0,0,128,15,128,15,0x0F800F80002190000E100015010549EC
377,18925,4,5,1,4,1,0,1,2,3,0,0,1,0,0,0,1,1,0,0,0,1,0,0,0,128,15,128,15,0x0F800F80002310000E100014010449ED
378,18926,5,4,1,4,1,0,1,2,3,0,0,1,0,1,1,0,0,0,1,0,1,0,0,0,128,15,128,15,0x0F800F800028D0000E100014010549EE
379,18927,4,5,1,3,1,0,1,2,3,0,0,1,0,1,0,0,1,0,1,0,1,0,0,0,128,15,128,15,0x0F800F80002A50000E100013010449EF
380,18928,5,4,1,3,1,0,1,2,3,0,0,1,0,1,1,0,0,0,1,0,1,0,0,0,128,15,128,15,0x0F800F800028D0000E100013010549F0
381,18929,4,5,1,2,1,0,1,2,3,0,0,1,0,1,0,0,1,0,1,0,1,0,0,0,128,15,128,15,0x0F800F80002A50000E100012010449F1
382,18930,5,4,1,2,1,0,1,2,3,0,0,1,0,1,1,0,0,0,1,0,1,0,0,0,128,15,128,15,0x0F800F800028D0000E100012010549F2
383,18931,4,5,1,1,1,0,1,2,3,0,0,1,0,1,0,0,1,0,1,0,1,0,0,0,128,15,128,15,0x0F800F80002A50000E100011010449F3
384,18932,5,4,1,1,1,0,1,2,3,0,0,1,0,1,1,0,0,0,1,0,1,0,0,0,128,15,128,15,0x0F800F800028D0000E100011010549F4
385,18933,4,5,1,0,1,0,1,2,3,0,0,1,0,1,0,0,1,0,1,0,1,0,0,0,128,15,128,15,0x0F800F80002A50000E100010010449F5
386,18934,5,4,1,0,1,0,1,2,3,0,0,1,0,1,1,0,0,0,1,0,1,0,0,0,128,15,128,15,0x0F800F800028D0000E100010010549F6
387,18935,6,5,1,0,1,0,1,2,3,0,0,1,0,1,0,0,1,0,1,0,1,0,0,0,128,15,128,15,0x0F800F80002A50000E100010010649F7
388,18936,7,6,1,0,1,0,1,2,3,0,0,1,0,0,1,0,0,1,1,0,1,0,0,0,128,15,128,15,0x0F800F80002C90000E100010010749F8
389,18937,8,7,2,7,1,0,1,2,3,0,0,1,0,0,0,0,1,0,1,0,1,0,0,0,128,15,128,15,0x0F800F80002A10000E100017020849F9
390,18938,9,8,2,7,1,0,1,2,3,0,0,1,0,0,1,1,0,0,0,0,1,0,0,0,128,15,128,15,0x0F800F80002190000E100017020949FA
391,18939,8,9,2,6,1,0,1,2,3,0,0,1,0,0,0,1,1,0,0,0,1,0,0,0,128,15,128,15,0x0F800F80002310000E100016020849FB
392,18940,9,8,2,6,1,0,1,2,3,0,0,1,0,1,1,0,0,0,1,0,1,0,0,0,128,15,128,15,0x0F800F800028D0000E100016020949FC
393,18941,8,9,2,5,1,0,1,2,3,0,0,1,0,1,0,0,1,0,1,0,1,0,0,0,128,15,128,15,0x0F800F80002A50000E100015020849FD
394,18942,9,8,2,5,1,0,1,2,3,0,0,1,0,1,1,0,0,0,1,0,1,0,0,0,128,15,128,15,0x0F800F800028D0000E100015020949FE
395,18943,8,9,2,4,1,0,1,2,3,0,0,1,0,1,0,0,1,0,1,0,1,0,0,0,128,15,128,15,0x0F800F80002A50000E100014020849FF
396,18944,9,8,2,4,1,0,1,2,3,0,0,1,0,1,1,0,0,0,1,0,1,0,0,0,128,15,128,15,0x0F800F800028D0000E10001402094A00
397,18945,8,9,2,3,1,0,1,2,3,0,0,1,0,1,0,0,1,0,1,0,1,0,0,0,128,15,128,15,0x0F800F80002A50000E10001302084A01
398,18946,9,8,2,3,1,0,1,2,3,0,0,1,0,1,1,0,0,0,1,0,1,0,0,0,128,15,128,15,0x0F800F800028D0000E10001302094A02
399,18947,8,9,2,2,1,0,1,2,3,0,0,1,0,1,0,0,1,0,1,0,1,0,0,0,128,15,128,15,0x0F800F80002A50000E10001202084A03
400,18948,9,8,2,2,1,0,1,2,3,0,0,1,0,1,1,0,0,0,1,0,1,0,0,0,128,15,128,15,0x0F800F800028D0000E10001202094A04
401,18949,8,9,2,1,1,0,1,2,3,0,0,1,0,1,0,0,1,0,1,0,1,0,0,0,128,15,128,15,0x0F800F80002A50000E10001102084A05
402,18950,9,8,2,1,1,0,1,2,3,0,0,1,0,1,1,0,0,0,1,0,1,0,0,0,128,15,128,15,0x0F800F800028D0000E10001102094A06
403,18951,8,9,2,0,1,0,1,2,3,0,0,1,0,1,0,0,1,0,1,0,1,0,0,0,128,15,128,15,0x0F800F80002A50000E10001002084A07
404,18952,9,8,2,0,1,0,1,2,3,0,0,1,0,1,1,0,0,0,1,0,1,0,0,0,128,15,128,15,0x0F800F800028D0000E10001002094A08
405,18953,10,9,2,0,1,0,1,2,3,0,0,1,0,1,0,0,1,0,1,0,1,0,0,0,128,15,128,15,0x0F800F80002A50000E100010020A4A09
406,18954,11,10,2,0,1,0,1,2,3,0,0,1,0,0,1,0,0,1,1,0,1,0,0,0,128,15,128,15,0x0F800F80002C90000E100010020B4A0A
407,18955,12,11,3,7,1,0,1,2,3,0,0,1,0,0,0,0,1,0,1,0,1,0,0,0,128,15,128,15,0x0F800F80002A10000E100017030C4A0B
408,18956,13,12,3,7,1,0,1,2,3,0,0,1,0,1,1,0,0,0,1,0,1,0,0,0,128,15,128,15,0x0F800F800028D0000E100017030D4A0C
409,18957,12,13,3,6,1,0,1,2,3,0,0,1,0,1,0,0,1,0,1,0,1,0,0,0,128,15,128,15,0x0F800F80002A50000E100016030C4A0D
410,18958,13,12,3,6,1,0,1,2,3,0,0,1,0,1,1,0,0,0,1,0,1,0,0,0,128,15,128,15,0x0F800F800028D0000E100016030D4A0E
411,18959,12,13,3,5,1,0,1,2,3,0,0,1,0,1,0,0,1,0,1,0,1,0,0,0,128,15,128,15,0x0F800F80002A50000E100015030C4A0F
412,18960,13,12,3,5,1,0,1,2,3,0,0,1,0,1,1,0,0,0,1,0,1,0,0,0,128,15,128,15,0x0F800F800028D0000E100015030D4A10
413,18961,12,13,3,4,1,0,1,2,3,0,0,1,0,1,0,0,1,0,1,0,1,0,0,0,128,15,128,15,0x0F800F80002A50000E100014030C4A11
414,18962,13,12,3,4,1,0,1,2,3,0,0,1,0,1,1,0,0,0,1,0,1,0,0,0,128,15,128,15,0x0F800F800028D0000E100014030D4A12
415,18963,12,13,3,3,1,0,1,2,3,0,0,1,0,1,0,0,1,0,1,0,1,0,0,0,128,15,128,15,0x0F800F80002A50000E100013030C4A13
416,18964,13,12,3,3,1,0,1,2,3,0,0,1,0,0,1,1,0,0,0,0,1,0,0,0,128,15,128,15,0x0F800F80002190000E100013030D4A14
417,18965,12,13,3,2,1,0,1,2,3,0,0,1,0,0,0,1,1,0,0,0,1,0,0,0,128,15,128,15,0x0F800F80002310000E100012030C4A15
418,18966,13,12,3,2,1,0,1,2,3,0,0,1,0,0,1,1,0,0,0,0,1,0,0,0,128,15,128,15,0x0F800F80002190000E100012030D4A16
419,18967,12,13,3,1,1,0,1,2,3,0,0,1,0,0,0,1,1,0,0,0,1,0,0,0,128,15,128,15,0x0F800F80002310000E100011030C4A17
420,18968,13,12,3,1,1,0,1,2,3,0,0,1,0,0,1,1,0,0,0,0,1,0,0,0,128,15,128,15,0x0F800F80002190000E100011030D4A18
421,18969,12,13,3,0,1,0,1,2,3,0,0,1,0,0,0,1,1,0,0,0,1,0,0,0,128,15,128,15,0x0F800F80002310000E100010030C4A19
422,18970,13,12,3,0,1,0,1,2,3,0,0,1,0,0,1,1,0,0,0,0,1,0,0,0,128,15,128,15,0x0F800F80002190000E100010030D4A1A
423,18971,14,13,3,0,1,0,1,2,3,0,0,1,0,0,0,1,1,0,0,0,1,0,0,0,128,15,128,15,0x0F800F80002310000E100010030E4A1B
424,18972,15,14,3,0,1,0,1,2,3,0,0,1,0,0,1,0,0,1,1,0,1,0,0,0,128,15,128,15,0x0F800F80002C90000E100010030F4A1C
425,18973,28,15,0,0,1,0,1,2,3,0,0,1,0,0,0,0,1,0,1,0,1,0,0,0,128,15,128,15,0x0F800F80002A10000E100010001C4A1D
426,18974,29,28,0,0,1,0,1,2,3,0,0,1,0,1,1,0,0,0,1,0,1,0,0,0,128,15,128,15,0x0F800F800028D0000E100010001D4A1E
427,18975,30,29,0,0,1,0,1,2,3,0,0,1,0,0,0,1,1,0,0,0,1,0,0,0,128,15,128,15,0x0F800F80002310000E100010001E4A1F
428,18976,31,30,0,0,1,0,1,2,3,0,0,1,0,0,0,1,1,0,0,0,1,0,0,0,128,15,128,15,0x0F800F80002310000E100010001F4A20
429,18977,1,31,0,0,2,1,1,2,0,0,0,1,0,0,0,1,1,0,0,0,1,0,0,0,128,15,128,15,0x0F800F80002310000210102000014A21
430,18978,2,1,0,7,2,1,1,2,1,1,0,1,0,0,0,1,1,0,0,0,1,0,0,1,202,102,255,1,0x01FF66CA012310001610102700024A22
431,18979,3,2,0,7,2,1,1,2,1,1,0,1,0,1,0,0,1,0,1,0,1,0,0,1,202,102,255,1,0x01FF66CA012A50001610102700034A23
432,18980,4,3,1,7,2,1,1,2,1,1,0,1,0,1,1,0,0,0,1,0,1,0,0,1,202,102,255,1,0x01FF66CA0128D0001610102701044A24
433,18981,5,4,1,7,2,1,1,2,1,1,0,1,0,1,1,0,0,0,1,0,1,0,0,1,202,102,255,1,0x01FF66CA0128D0001610102701054A25
434,18982,4,5,1,6,2,1,1,2,1,1,0,1,0,1,0,0,1,0,1,0,1,0,0,1,202,102,255,1,0x01FF66CA012A50001610102601044A26
435,18983,5,4,1,6,2,1,1,2,1,1,0,1,0,0,1,1,0,0,0,0,1,0,0,1,202,102,255,1,0x01FF66CA012190001610102601054A27
436,18984,4,5,1,5,2,1,1,2,1,1,0,1,0,0,0,1,1,0,0,0,1,0,0,1,202,102,255,1,0x01FF66CA012310001610102501044A28
437,18985,5,4,1,5,2,1,1,2,1,1,0,1,0,0,1,1,0,0,0,0,1,0,0,1,202,102,255,1,0x01FF66CA012190001610102501054A29
438,18986,4,5,1,4,2,1,1,2,1,1,0,1,0,0,0,1,1,0,0,0,1,0,0,1,202,102,255,1,0x01FF66CA012310001610102401044A2A
439,18987,5,4,1,4,2,1,1,2,1,1,0,1,0,1,1,0,0,0,1,0,1,0,0,1,202,102,255,1,0x01FF66CA0128D0001610102401054A2B
440,18988,4,5,1,3,2,1,1,2,1,1,0,1,0,1,0,0,1,0,1,0,1,0,0,1,202,102,255,1,0x01FF66CA012A50001610102301044A2C
441,18989,5,4,1,3,2,1,1,2,1,1,0,1,0,1,1,0,0,0,1,0,1,0,0,1,202,102,255,1,0x01FF66CA0128D0001610102301054A2D
442,18990,4,5,1,2,2,1,1,2,1,1,0,1,0,1,0,0,1,0,1,0,1,0,0,1,202,102,255,1,0x01FF66CA012A50001610102201044A2E
443,18991,5,4,1,2,2,1,1,2,1,1,0,1,0,1,1,0,0,0,1,0,1,0,0,1,202,102,255,1,0x01FF66CA0128D0001610102201054A2F
444,18992,4,5,1,1,2,1,1,2,1,1,0,1,0,1,0,0,1,0,1,0,1,0,0,1,202,102,255,1,0x01FF66CA012A50001610102101044A30
445,18993,5,4,1,1,2,1,1,2,1,1,0,1,0,1,1,0,0,0,1,0,1,0,0,1,202,102,255,1,0x01FF66CA0128D0001610102101054A31
446,18994,4,5,1,0,2,1,1,2,1,1,0,1,0,1,0,0,1,0,1,0,1,0,0,1,202,102,255,1,0x01FF66CA012A50001610102001044A32
447,18995,5,4,1,0,2,1,1,2,1,1,0,1,0,1,1,0,0,0,1,0,1,0,0,1,202,102,255,1,0x01FF66CA0128D0001610102001054A33
448,18996,6,5,1,0,2,1,1,2,1,1,0,1,0,1,0,0,1,0,1,0,1,0,0,1,202,102,255,1,0x01FF66CA012A50001610102001064A34
449,18997,7,6,1,0,2,1,1,2,1,1,0,1,0,0,1,0,0,1,1,0,1,0,0,1,202,102,255,1,0x01FF66CA012C90001610102001074A35
450,18998,8,7,2,7,2,1,1,2,1,1,0,1,0,0,0,0,1,0,1,0,1,0,0,1,202,102,255,1,0x01FF66CA012A10001610102702084A36
451,18999,9,8,2,7,2,1,1,2,1,1,0,1,0,0,1,1,0,0,0,0,1,0,0,1,202,102,255,1,0x01FF66CA012190001610102702094A37
452,19000,8,9,2,6,2,1,1,2,1,1,0,1,0,0,0,1,1,0,0,0,1,0,0,1,202,102,255,1,0x01FF66CA012310001610102602084A38
453,19001,9,8,2,6,2,1,1,2,1,1,0,1,0,0,1,1,0,0,0,0,1,0,0,1,202,102,255,1,0x01FF66CA012190001610102602094A39
454,19002,8,9,2,5,2,1,1,2,1,1,0,1,0,0,0,1,1,0,0,0,1,0,0,1,202,102,255,1,0x01FF66CA012310001610102502084A3A
455,19003,9,8,2,5,2,1,1,2,1,1,0,1,0,0,1,1,0,0,0,0,1,0,0,1,202,102,255,1,0x01FF66CA012190001610102502094A3B
456,19004,8,9,2,4,2,1,1,2,1,1,0,1,0,0,0,1,1,0,0,0,1,0,0,1,202,102,255,1,0x01FF66CA012310001610102402084A3C
457,19005,9,8,2,4,2,1,1,2,1,1,0,1,0,0,1,1,0,0,0,0,1,0,0,1,202,102,255,1,0x01FF66CA012190001610102402094A3D
458,19006,8,9,2,3,2,1,1,2,1,1,0,1,0,0,0,1,1,0,0,0,1,0,0,1,202,102,255,1,0x01FF66CA012310001610102302084A3E
459,19007,9,8,2,3,2,1,1,2,1,1,0,1,0,0,1,1,0,0,0,0,1,0,0,1,202,102,255,1,0x01FF66CA012190001610102302094A3F
460,19008,8,9,2,2,2,1,1,2,1,1,0,1,0,0,0,1,1,0,0,0,1,0,0,1,202,102,255,1,0x01FF66CA012310001610102202084A40
461,19009,9,8,2,2,2,1,1,2,1,1,0,1,0,0,1,1,0,0,0,0,1,0,0,1,202,102,255,1,0x01FF66CA012190001610102202094A41
462,19010,8,9,2,1,2,1,1,2,1,1,0,1,0,0,0,1,1,0,0,0,1,0,0,1,202,102,255,1,0x01FF66CA012310001610102102084A42
463,19011,9,8,2,1,2,1,1,2,1,1,0,1,0,0,1,1,0,0,0,0,1,0,0,1,202,102,255,1,0x01FF66CA012190001610102102094A43
464,19012,8,9,2,0,2,1,1,2,1,1,0,1,0,0,0,1,1,0,0,0,1,0,0,1,202,102,255,1,0x01FF66CA012310001610102002084A44
465,19013,9,8,2,0,2,1,1,2,1,1,0,1,0,0,1,1,0,0,0,0,1,0,0,1,202,102,255,1,0x01FF66CA012190001610102002094A45
466,19014,10,9,2,0,2,1,1,2,1,1,0,1,0,0,0,1,1,0,0,0,1,0,0,1,202,102,255,1,0x01FF66CA0123100016101020020A4A46
467,19015,11,10,2,0,2,1,1,2,1,1,0,1,0,0,1,0,0,1,1,0,1,0,0,1,202,102,255,1,0x01FF66CA012C900016101020020B4A47
468,19016,12,11,3,7,2,1,1,2,1,1,0,1,0,0,0,0,1,0,1,0,1,0,0,1,202,102,255,1,0x01FF66CA012A100016101027030C4A48
469,19017,13,12,3,7,2,1,1,2,1,1,0,1,0,1,1,0,0,0,1,0,1,0,0,1,202,102,255,1,0x01FF66CA0128D00016101027030D4A49
470,19018,12,13,3,6,2,1,1,2,1,1,0,1,0,1,0,0,1,0,1,0,1,0,0,1,202,102,255,1,0x01FF66CA012A500016101026030C4A4A
471,19019,13,12,3,6,2,1,1,2,1,1,0,1,0,1,1,0,0,0,1,0,1,0,0,1,202,102,255,1,0x01FF66CA0128D00016101026030D4A4B
472,19020,12,13,3,5,2,1,1,2,1,1,0,1,0,1,0,0,1,0,1,0,1,0,0,1,202,102,255,1,0x01FF66CA012A500016101025030C4A4C
473,19021,13,12,3,5,2,1,1,2,1,1,0,1,0,1,1,0,0,0,1,0,1,0,0,1,202,102,255,1,0x01FF66CA0128D00016101025030D4A4D
474,19022,12,13,3,4,2,1,1,2,1,1,0,1,0,1,0,0,1,0,1,0,1,0,0,1,202,102,255,1,0x01FF66CA012A500016101024030C4A4E
475,19023,13,12,3,4,2,1,1,2,1,1,0,1,0,1,1,0,0,0,1,0,1,0,0,1,202,102,255,1,0x01FF66CA0128D00016101024030D4A4F
476,19024,12,13,3,3,2,1,1,2,1,1,0,1,0,1,0,0,1,0,1,0,1,0,0,1,202,102,255,1,0x01FF66CA012A500016101023030C4A50
477,19025,13,12,3,3,2,1,1,2,1,1,0,1,0,1,1,0,0,0,1,0,1,0,0,1,202,102,255,1,0x01FF66CA0128D00016101023030D4A51
478,19026,12,13,3,2,2,1,1,2,1,1,0,1,0,1,0,0,1,0,1,0,1,0,0,1,202,102,255,1,0x01FF66CA012A500016101022030C4A52
479,19027,13,12,3,2,2,1,1,2,1,1,0,1,0,1,1,0,0,0,1,0,1,0,0,1,202,102,255,1,0x01FF66CA0128D00016101022030D4A53
480,19028,12,13,3,1,2,1,1,2,1,1,0,1,0,1,0,0,1,0,1,0,1,0,0,1,202,102,255,1,0x01FF66CA012A500016101021030C4A54
481,19029,13,12,3,1,2,1,1,2,1,1,0,1,0,1,1,0,0,0,1,0,1,0,0,1,202,102,255,1,0x01FF66CA0128D00016101021030D4A55
482,19030,12,13,3,0,2,1,1,2,1,1,0,1,0,1,0,0,1,0,1,0,1,0,0,1,202,102,255,1,0x01FF66CA012A500016101020030C4A56
483,19031,13,12,3,0,2,1,1,2,1,1,0,1,0,0,1,1,0,0,0,0,1,0,0,1,202,102,255,1,0x01FF66CA0121900016101020030D4A57
484,19032,14,13,3,0,2,1,1,2,1,1,0,1,0,0,0,1,1,0,0,0,1,0,0,1,202,102,255,1,0x01FF66CA0123100016101020030E4A58
485,19033,15,14,3,0,2,1,1,2,1,1,0,1,0,0,1,0,0,1,1,0,1,0,0,1,202,102,255,1,0x01FF66CA012C900016101020030F4A59
486,19034,28,15,0,0,2,1,1,2,1,1,0,1,0,0,0,0,1,0,1,0,1,0,0,1,202,102,255,1,0x01FF66CA012A100016101020001C4A5A
487,19035,29,28,0,0,2,1,1,2,1,1,0,1,0,1,1,0,0,0,1,0,1,0,0,1,202,102,255,1,0x01FF66CA0128D00016101020001D4A5B
488,19036,30,29,0,0,2,1,1,2,1,1,0,1,0,0,0,1,1,0,0,0,1,0,0,1,202,102,255,1,0x01FF66CA0123100016101020001E4A5C
489,19037,31,30,0,0,2,1,1,2,1,1,0,1,0,0,0,1,1,0,0,0,1,0,0,1,202,102,255,1,0x01FF66CA0123100016101020001F4A5D
490,19038,1,31,0,0,2,1,1,2,2,1,0,1,0,0,0,1,1,0,0,0,1,0,0,1,202,102,255,1,0x01FF66CA012310001A10102000014A5E
491,19039,2,1,0,7,2,1,1,2,2,1,0,1,1,0,0,1,1,0,0,0,1,0,0,1,202,102,255,0,0x00FF66CA012330001A10102700024A5F
492,19040,3,2,0,7,2,1,1,2,2,1,0,1,1,1,0,0,1,0,1,0,1,0,0,1,202,102,255,0,0x00FF66CA012A70001A10102700034A60
493,19041,4,3,1,7,2,1,1,2,2,1,0,1,1,1,1,0,0,0,1,0,1,0,0,1,202,102,255,0,0x00FF66CA0128F0001A10102701044A61
494,19042,5,4,1,7,2,1,1,2,2,1,0,1,1,1,1,0,0,0,1,0,1,0,0,1,202,102,255,0,0x00FF66CA0128F0001A10102701054A62
495,19043,4,5,1,6,2,1,1,2,2,1,0,1,1,1,0,0,1,0,1,0,1,0,0,1,202,102,255,0,0x00FF66CA012A70001A10102601044A63
496,19044,5,4,1,6,2,1,1,2,2,1,0,1,1,0,1,1,0,0,0,0,1,0,0,1,202,102,255,0,0x00FF66CA0121B0001A10102601054A64
497,19045,4,5,1,5,2,1,1,2,2,1,0,1,1,0,0,1,1,0,0,0,1,0,0,1,202,102,255,0,0x00FF66CA012330001A10102501044A65
498,19046,5,4,1,5,2,1,1,2,2,1,0,1,1,0,1,1,0,0,0,0,1,0,0,1,202,102,255,0,0x00FF66CA0121B0001A10102501054A66
499,19047,4,5,1,4,2,1,1,2,2,1,0,1,1,0,0,1,1,0,0,0,1,0,0,1,202,102,255,0,0x00FF66CA012330001A10102401044A67
500,19048,5,4,1,4,2,1,1,2,2,1,0,1,1,1,1,0,0,0,1,0,1,0,0,1,202,102,255,0,0x00FF66CA0128F0001A10102401054A68
501,19049,4,5,1,3,2,1,1,2,2,1,0,1,1,1,0,0,1,0,1,0,1,0,0,1,202,102,255,0,0x00FF66CA012A70001A10102301044A69
502,19050,5,4,1,3,2,1,1,2,2,1,0,1,1,1,1,0,0,0,1,0,1,0,0,1,202,102,255,0,0x00FF66CA0128F0001A10102301054A6A
503,19051,4,5,1,2,2,1,1,2,2,1,0,1,1,1,0,0,1,0,1,0,1,0,0,1,202,102,255,0,0x00FF66CA012A70001A10102201044A6B
504,19052,5,4,1,2,2,1,1,2,2,1,0,1,1,1,1,0,0,0,1,0,1,0,0,1,202,102,255,0,0x00FF66CA0128F0001A10102201054A6C
505,19053,4,5,1,1,2,1,1,2,2,1,0,1,1,1,0,0,1,0,1,0,1,0,0,1,202,102,255,0,0x00FF66CA012A70001A10102101044A6D
506,19054,5,4,1,1,2,1,1,2,2,1,0,1,1,1,1,0,0,0,1,0,1,0,0,1,202,102,255,0,0x00FF66CA0128F0001A10102101054A6E
507,19055,4,5,1,0,2,1,1,2,2,1,0,1,1,1,0,0,1,0,1,0,1,0,0,1,202,102,255,0,0x00FF66CA012A70001A10102001044A6F
508,19056,5,4,1,0,2,1,1,2,2,1,0,1,1,1,1,0,0,0,1,0,1,0,0,1,202,102,255,0,0x00FF66CA0128F0001A10102001054A70
509,19057,6,5,1,0,2,1,1,2,2,1,0,1,1,1,0,0,1,0,1,0,1,0,0,1,202,102,255,0,0x00FF66CA012A70001A10102001064A71
510,19058,7,6,1,0,2,1,1,2,2,1,0,1,1,0,1,1,0,1,0,0,1,0,0,1,202,102,255,0,0x00FF66CA0125B0001A10102001074A72
511,19059,8,7,2,7,2,1,1,2,2,1,0,1,1,0,0,1,1,0,0,1,1,0,0,1,202,102,255,0,0x00FF66CA013330001A10102702084A73
