"IMAGE_ROLE","HIERARCHY_PATH","RAW_NAME","DEPTH","TOTAL_DYNAMIC_POWER_W","CLOCK_W","IO_W","SIGNAL_W","LOGIC_W","BRAM_W","CLOCK_IP_W","GT_W","PCIE_W","OTHER_REPORTED_CATEGORIES","POWER_VALUE_W","POWER_LOWER_BOUND_W","POWER_UPPER_BOUND_EXCLUSIVE_W","REPORT_RESOLUTION_W","SOURCE_TABLE","SOURCE_FILE","SOURCE_LINE"
"FORMAL_PHASE2_FAIL_CONTROL","ahd_capture_top_xdma","ahd_capture_top_xdma","0","0.552","0.044","0.031","0.029","0.022","0.028","0.224","0.149","0.025","","0.552000","0.552000","0.552000","0.001000","3.1 By Hierarchy","C:\FPGA\V41_RCA_PHASE2_POWER_BREAKDOWN_NO_BUILD_R1\03_FORMAL_PHASE2\raw\REPORT_POWER_HIERARCHY_ALL_VERBOSE.rpt","168"
"FORMAL_PHASE2_FAIL_CONTROL","ahd_capture_top_xdma/AXI_LITE_HOST_BRIDGE","AXI_LITE_HOST_BRIDGE","1","0.002","<0.001","0.000","<0.001","0.001","0.000","0.000","0.000","0.000","","0.002000","0.002000","0.002000","0.001000","3.1 By Hierarchy","C:\FPGA\V41_RCA_PHASE2_POWER_BREAKDOWN_NO_BUILD_R1\03_FORMAL_PHASE2\raw\REPORT_POWER_HIERARCHY_ALL_VERBOSE.rpt","169"
"FORMAL_PHASE2_FAIL_CONTROL","ahd_capture_top_xdma/CAPTURE_SUBSYSTEM","CAPTURE_SUBSYSTEM","1","0.019","0.008","0.000","0.006","0.003","0.002","0.000","0.000","0.000","","0.019000","0.019000","0.019000","0.001000","3.1 By Hierarchy","C:\FPGA\V41_RCA_PHASE2_POWER_BREAKDOWN_NO_BUILD_R1\03_FORMAL_PHASE2\raw\REPORT_POWER_HIERARCHY_ALL_VERBOSE.rpt","170"
"FORMAL_PHASE2_FAIL_CONTROL","ahd_capture_top_xdma/CAPTURE_SUBSYSTEM/BAR_TARGET","BAR_TARGET","2","0.006","<0.001","0.000","0.002","0.001","0.002","0.000","0.000","0.000","","0.006000","0.006000","0.006000","0.001000","3.1 By Hierarchy","C:\FPGA\V41_RCA_PHASE2_POWER_BREAKDOWN_NO_BUILD_R1\03_FORMAL_PHASE2\raw\REPORT_POWER_HIERARCHY_ALL_VERBOSE.rpt","171"
"FORMAL_PHASE2_FAIL_CONTROL","ahd_capture_top_xdma/CAPTURE_SUBSYSTEM/MAILBOX","MAILBOX","2","0.004","0.002","0.000","0.002","<0.001","0.000","0.000","0.000","0.000","","0.004000","0.004000","0.004000","0.001000","3.1 By Hierarchy","C:\FPGA\V41_RCA_PHASE2_POWER_BREAKDOWN_NO_BUILD_R1\03_FORMAL_PHASE2\raw\REPORT_POWER_HIERARCHY_ALL_VERBOSE.rpt","172"
"FORMAL_PHASE2_FAIL_CONTROL","ahd_capture_top_xdma/CAPTURE_SUBSYSTEM/PRODUCER","PRODUCER","2","0.007","0.004","0.000","0.001","0.001","0.000","0.000","0.000","0.000","","0.007000","0.007000","0.007000","0.001000","3.1 By Hierarchy","C:\FPGA\V41_RCA_PHASE2_POWER_BREAKDOWN_NO_BUILD_R1\03_FORMAL_PHASE2\raw\REPORT_POWER_HIERARCHY_ALL_VERBOSE.rpt","173"
"FORMAL_PHASE2_FAIL_CONTROL","ahd_capture_top_xdma/NVP_AUTOINIT","NVP_AUTOINIT","1","0.002","0.001","0.000","<0.001","<0.001","0.000","0.000","0.000","0.000","","0.002000","0.002000","0.002000","0.001000","3.1 By Hierarchy","C:\FPGA\V41_RCA_PHASE2_POWER_BREAKDOWN_NO_BUILD_R1\03_FORMAL_PHASE2\raw\REPORT_POWER_HIERARCHY_ALL_VERBOSE.rpt","174"
"FORMAL_PHASE2_FAIL_CONTROL","ahd_capture_top_xdma/NVP_AUTOINIT/u_sequence","u_sequence","2","0.002","0.001","0.000","<0.001","<0.001","0.000","0.000","0.000","0.000","","0.002000","0.002000","0.002000","0.001000","3.1 By Hierarchy","C:\FPGA\V41_RCA_PHASE2_POWER_BREAKDOWN_NO_BUILD_R1\03_FORMAL_PHASE2\raw\REPORT_POWER_HIERARCHY_ALL_VERBOSE.rpt","175"
"FORMAL_PHASE2_FAIL_CONTROL","ahd_capture_top_xdma/NVP_PHYSICAL_FRONTEND","NVP_PHYSICAL_FRONTEND","1","0.149","0.002","0.031","<0.001","<0.001","0.000","0.117","0.000","0.000","","0.149000","0.149000","0.149000","0.001000","3.1 By Hierarchy","C:\FPGA\V41_RCA_PHASE2_POWER_BREAKDOWN_NO_BUILD_R1\03_FORMAL_PHASE2\raw\REPORT_POWER_HIERARCHY_ALL_VERBOSE.rpt","176"
"FORMAL_PHASE2_FAIL_CONTROL","ahd_capture_top_xdma/XDMA","XDMA","1","0.377","0.031","0.000","0.022","0.017","0.026","0.107","0.149","0.025","","0.377000","0.377000","0.377000","0.001000","3.1 By Hierarchy","C:\FPGA\V41_RCA_PHASE2_POWER_BREAKDOWN_NO_BUILD_R1\03_FORMAL_PHASE2\raw\REPORT_POWER_HIERARCHY_ALL_VERBOSE.rpt","177"
"FORMAL_PHASE2_FAIL_CONTROL","ahd_capture_top_xdma/XDMA/inst","inst","2","0.377","0.031","0.000","0.022","0.017","0.026","0.107","0.149","0.025","","0.377000","0.377000","0.377000","0.001000","3.1 By Hierarchy","C:\FPGA\V41_RCA_PHASE2_POWER_BREAKDOWN_NO_BUILD_R1\03_FORMAL_PHASE2\raw\REPORT_POWER_HIERARCHY_ALL_VERBOSE.rpt","178"
"FORMAL_PHASE2_FAIL_CONTROL","ahd_capture_top_xdma/XDMA/inst/ram_top","ram_top","3","0.007","<0.001","0.000","<0.001","0.000","0.007","0.000","0.000","0.000","","0.007000","0.007000","0.007000","0.001000","3.1 By Hierarchy","C:\FPGA\V41_RCA_PHASE2_POWER_BREAKDOWN_NO_BUILD_R1\03_FORMAL_PHASE2\raw\REPORT_POWER_HIERARCHY_ALL_VERBOSE.rpt","179"
"FORMAL_PHASE2_FAIL_CONTROL","ahd_capture_top_xdma/XDMA/inst/ram_top/C2H_PCIE_DSC_CPLD_RAM","C2H_PCIE_DSC_CPLD_RAM","4","0.003","<0.001","0.000","<0.001","0.000","0.003","0.000","0.000","0.000","","0.003000","0.003000","0.003000","0.001000","3.1 By Hierarchy","C:\FPGA\V41_RCA_PHASE2_POWER_BREAKDOWN_NO_BUILD_R1\03_FORMAL_PHASE2\raw\REPORT_POWER_HIERARCHY_ALL_VERBOSE.rpt","180"
"FORMAL_PHASE2_FAIL_CONTROL","ahd_capture_top_xdma/XDMA/inst/ram_top/MASTER_READ_BRAM","MASTER_READ_BRAM","4","0.002","<0.001","0.000","<0.001","0.000","0.002","0.000","0.000","0.000","","0.002000","0.002000","0.002000","0.001000","3.1 By Hierarchy","C:\FPGA\V41_RCA_PHASE2_POWER_BREAKDOWN_NO_BUILD_R1\03_FORMAL_PHASE2\raw\REPORT_POWER_HIERARCHY_ALL_VERBOSE.rpt","181"
"FORMAL_PHASE2_FAIL_CONTROL","ahd_capture_top_xdma/XDMA/inst/ram_top/MASTER_READ_BRAM/xpm_memory_sdpram_inst_loop[0].xpm_memory_sdpram_inst","xpm_memory_sdpram_inst_loop[0].xpm_memory_sdpram_inst","5","0.002","<0.001","0.000","<0.001","0.000","0.002","0.000","0.000","0.000","","0.002000","0.002000","0.002000","0.001000","3.1 By Hierarchy","C:\FPGA\V41_RCA_PHASE2_POWER_BREAKDOWN_NO_BUILD_R1\03_FORMAL_PHASE2\raw\REPORT_POWER_HIERARCHY_ALL_VERBOSE.rpt","182"
"FORMAL_PHASE2_FAIL_CONTROL","ahd_capture_top_xdma/XDMA/inst/ram_top/MASTER_READ_BRAM/xpm_memory_sdpram_inst_loop[0].xpm_memory_sdpram_inst/xpm_memory_base_inst","xpm_memory_base_inst","6","0.002","<0.001","0.000","<0.001","0.000","0.002","0.000","0.000","0.000","","0.002000","0.002000","0.002000","0.001000","3.1 By Hierarchy","C:\FPGA\V41_RCA_PHASE2_POWER_BREAKDOWN_NO_BUILD_R1\03_FORMAL_PHASE2\raw\REPORT_POWER_HIERARCHY_ALL_VERBOSE.rpt","183"
"FORMAL_PHASE2_FAIL_CONTROL","ahd_capture_top_xdma/XDMA/inst/ram_top/mas_bridge_ram_write_512.MASTER_WRITE_FIFO","mas_bridge_ram_write_512.MASTER_WRITE_FIFO","4","0.002","<0.001","0.000","<0.001","0.000","0.002","0.000","0.000","0.000","","0.002000","0.002000","0.002000","0.001000","3.1 By Hierarchy","C:\FPGA\V41_RCA_PHASE2_POWER_BREAKDOWN_NO_BUILD_R1\03_FORMAL_PHASE2\raw\REPORT_POWER_HIERARCHY_ALL_VERBOSE.rpt","184"
"FORMAL_PHASE2_FAIL_CONTROL","ahd_capture_top_xdma/XDMA/inst/ram_top/mas_bridge_ram_write_512.MASTER_WRITE_FIFO/xpm_memory_sdpram_inst_loop[0].xpm_memory_sdpram_inst","xpm_memory_sdpram_inst_loop[0].xpm_memory_sdpram_inst","5","0.002","<0.001","0.000","<0.001","0.000","0.002","0.000","0.000","0.000","","0.002000","0.002000","0.002000","0.001000","3.1 By Hierarchy","C:\FPGA\V41_RCA_PHASE2_POWER_BREAKDOWN_NO_BUILD_R1\03_FORMAL_PHASE2\raw\REPORT_POWER_HIERARCHY_ALL_VERBOSE.rpt","185"
"FORMAL_PHASE2_FAIL_CONTROL","ahd_capture_top_xdma/XDMA/inst/ram_top/mas_bridge_ram_write_512.MASTER_WRITE_FIFO/xpm_memory_sdpram_inst_loop[0].xpm_memory_sdpram_inst/xpm_memory_base_inst","xpm_memory_base_inst","6","0.002","<0.001","0.000","<0.001","0.000","0.002","0.000","0.000","0.000","","0.002000","0.002000","0.002000","0.001000","3.1 By Hierarchy","C:\FPGA\V41_RCA_PHASE2_POWER_BREAKDOWN_NO_BUILD_R1\03_FORMAL_PHASE2\raw\REPORT_POWER_HIERARCHY_ALL_VERBOSE.rpt","186"
"FORMAL_PHASE2_FAIL_CONTROL","ahd_capture_top_xdma/XDMA/inst/udma_wrapper","udma_wrapper","3","0.064","0.022","0.000","0.017","0.015","0.009","0.000","0.000","0.000","","0.064000","0.064000","0.064000","0.001000","3.1 By Hierarchy","C:\FPGA\V41_RCA_PHASE2_POWER_BREAKDOWN_NO_BUILD_R1\03_FORMAL_PHASE2\raw\REPORT_POWER_HIERARCHY_ALL_VERBOSE.rpt","187"
"FORMAL_PHASE2_FAIL_CONTROL","ahd_capture_top_xdma/XDMA/inst/udma_wrapper/dma_top","dma_top","4","0.064","0.022","0.000","0.017","0.015","0.009","0.000","0.000","0.000","","0.064000","0.064000","0.064000","0.001000","3.1 By Hierarchy","C:\FPGA\V41_RCA_PHASE2_POWER_BREAKDOWN_NO_BUILD_R1\03_FORMAL_PHASE2\raw\REPORT_POWER_HIERARCHY_ALL_VERBOSE.rpt","188"
"FORMAL_PHASE2_FAIL_CONTROL","ahd_capture_top_xdma/XDMA/inst/udma_wrapper/dma_top/axi4mm_bridge_top_inst","axi4mm_bridge_top_inst","5","0.004","0.002","0.000","0.001","0.001","0.000","0.000","0.000","0.000","","0.004000","0.004000","0.004000","0.001000","3.1 By Hierarchy","C:\FPGA\V41_RCA_PHASE2_POWER_BREAKDOWN_NO_BUILD_R1\03_FORMAL_PHASE2\raw\REPORT_POWER_HIERARCHY_ALL_VERBOSE.rpt","189"
"FORMAL_PHASE2_FAIL_CONTROL","ahd_capture_top_xdma/XDMA/inst/udma_wrapper/dma_top/axi4mm_bridge_top_inst/axi4mm_axi_mm_master_top_inst","axi4mm_axi_mm_master_top_inst","6","0.004","0.002","0.000","0.001","<0.001","0.000","0.000","0.000","0.000","","0.004000","0.004000","0.004000","0.001000","3.1 By Hierarchy","C:\FPGA\V41_RCA_PHASE2_POWER_BREAKDOWN_NO_BUILD_R1\03_FORMAL_PHASE2\raw\REPORT_POWER_HIERARCHY_ALL_VERBOSE.rpt","190"
"FORMAL_PHASE2_FAIL_CONTROL","ahd_capture_top_xdma/XDMA/inst/udma_wrapper/dma_top/axi4mm_bridge_top_inst/axi4mm_axi_mm_master_top_inst/axi4mm_axi_mm_master_rd","axi4mm_axi_mm_master_rd","7","0.001","<0.001","0.000","<0.001","<0.001","0.000","0.000","0.000","0.000","","0.001000","0.001000","0.001000","0.001000","3.1 By Hierarchy","C:\FPGA\V41_RCA_PHASE2_POWER_BREAKDOWN_NO_BUILD_R1\03_FORMAL_PHASE2\raw\REPORT_POWER_HIERARCHY_ALL_VERBOSE.rpt","191"
"FORMAL_PHASE2_FAIL_CONTROL","ahd_capture_top_xdma/XDMA/inst/udma_wrapper/dma_top/axi4mm_bridge_top_inst/axi4mm_axi_mm_master_top_inst/axi4mm_axi_mm_master_wr_inst","axi4mm_axi_mm_master_wr_inst","7","0.001","<0.001","0.000","<0.001","<0.001","0.000","0.000","0.000","0.000","","0.001000","0.001000","0.001000","0.001000","3.1 By Hierarchy","C:\FPGA\V41_RCA_PHASE2_POWER_BREAKDOWN_NO_BUILD_R1\03_FORMAL_PHASE2\raw\REPORT_POWER_HIERARCHY_ALL_VERBOSE.rpt","192"
"FORMAL_PHASE2_FAIL_CONTROL","ahd_capture_top_xdma/XDMA/inst/udma_wrapper/dma_top/axi4mm_bridge_top_inst/axi4mm_axi_mm_master_top_inst/axi4mm_axi_str_masterbr_rdtlp_inst","axi4mm_axi_str_masterbr_rdtlp_inst","7","0.001","<0.001","0.000","<0.001","<0.001","0.000","0.000","0.000","0.000","","0.001000","0.001000","0.001000","0.001000","3.1 By Hierarchy","C:\FPGA\V41_RCA_PHASE2_POWER_BREAKDOWN_NO_BUILD_R1\03_FORMAL_PHASE2\raw\REPORT_POWER_HIERARCHY_ALL_VERBOSE.rpt","193"
"FORMAL_PHASE2_FAIL_CONTROL","ahd_capture_top_xdma/XDMA/inst/udma_wrapper/dma_top/base","base","5","0.006","0.003","0.000","<0.001","<0.001","0.002","0.000","0.000","0.000","","0.006000","0.006000","0.006000","0.001000","3.1 By Hierarchy","C:\FPGA\V41_RCA_PHASE2_POWER_BREAKDOWN_NO_BUILD_R1\03_FORMAL_PHASE2\raw\REPORT_POWER_HIERARCHY_ALL_VERBOSE.rpt","194"
"FORMAL_PHASE2_FAIL_CONTROL","ahd_capture_top_xdma/XDMA/inst/udma_wrapper/dma_top/base/CFG_INST","CFG_INST","6","0.001","<0.001","0.000","<0.001","<0.001","0.000","0.000","0.000","0.000","","0.001000","0.001000","0.001000","0.001000","3.1 By Hierarchy","C:\FPGA\V41_RCA_PHASE2_POWER_BREAKDOWN_NO_BUILD_R1\03_FORMAL_PHASE2\raw\REPORT_POWER_HIERARCHY_ALL_VERBOSE.rpt","195"
"FORMAL_PHASE2_FAIL_CONTROL","ahd_capture_top_xdma/XDMA/inst/udma_wrapper/dma_top/base/IRQ_INST","IRQ_INST","6","0.003","0.001","0.000","<0.001","<0.001","0.002","0.000","0.000","0.000","","0.003000","0.003000","0.003000","0.001000","3.1 By Hierarchy","C:\FPGA\V41_RCA_PHASE2_POWER_BREAKDOWN_NO_BUILD_R1\03_FORMAL_PHASE2\raw\REPORT_POWER_HIERARCHY_ALL_VERBOSE.rpt","196"
"FORMAL_PHASE2_FAIL_CONTROL","ahd_capture_top_xdma/XDMA/inst/udma_wrapper/dma_top/base/IRQ_INST/msix_internal_xdma.pf0_msix_table","msix_internal_xdma.pf0_msix_table","7","0.003","<0.001","0.000","<0.001","<0.001","0.002","0.000","0.000","0.000","","0.003000","0.003000","0.003000","0.001000","3.1 By Hierarchy","C:\FPGA\V41_RCA_PHASE2_POWER_BREAKDOWN_NO_BUILD_R1\03_FORMAL_PHASE2\raw\REPORT_POWER_HIERARCHY_ALL_VERBOSE.rpt","197"
"FORMAL_PHASE2_FAIL_CONTROL","ahd_capture_top_xdma/XDMA/inst/udma_wrapper/dma_top/dma_enable.vul_dma","dma_enable.vul_dma","5","0.037","0.011","0.000","0.010","0.010","0.006","0.000","0.000","0.000","","0.037000","0.037000","0.037000","0.001000","3.1 By Hierarchy","C:\FPGA\V41_RCA_PHASE2_POWER_BREAKDOWN_NO_BUILD_R1\03_FORMAL_PHASE2\raw\REPORT_POWER_HIERARCHY_ALL_VERBOSE.rpt","198"
"FORMAL_PHASE2_FAIL_CONTROL","ahd_capture_top_xdma/XDMA/inst/udma_wrapper/dma_top/dma_enable.vul_dma/RD","RD","6","0.012","0.004","0.000","0.003","0.003","0.002","0.000","0.000","0.000","","0.012000","0.012000","0.012000","0.001000","3.1 By Hierarchy","C:\FPGA\V41_RCA_PHASE2_POWER_BREAKDOWN_NO_BUILD_R1\03_FORMAL_PHASE2\raw\REPORT_POWER_HIERARCHY_ALL_VERBOSE.rpt","199"
"FORMAL_PHASE2_FAIL_CONTROL","ahd_capture_top_xdma/XDMA/inst/udma_wrapper/dma_top/dma_enable.vul_dma/RD/gen_rdwr_loop[0].gen_rdwr_eng.RDWR_INST","gen_rdwr_loop[0].gen_rdwr_eng.RDWR_INST","7","0.012","0.004","0.000","0.003","0.003","0.002","0.000","0.000","0.000","","0.012000","0.012000","0.012000","0.001000","3.1 By Hierarchy","C:\FPGA\V41_RCA_PHASE2_POWER_BREAKDOWN_NO_BUILD_R1\03_FORMAL_PHASE2\raw\REPORT_POWER_HIERARCHY_ALL_VERBOSE.rpt","200"
"FORMAL_PHASE2_FAIL_CONTROL","ahd_capture_top_xdma/XDMA/inst/udma_wrapper/dma_top/dma_enable.vul_dma/RD/gen_rdwr_loop[0].gen_rdwr_eng.RDWR_INST/RRQ_FIFO","RRQ_FIFO","8","0.001","<0.001","0.000","<0.001","<0.001","0.000","0.000","0.000","0.000","","0.001000","0.001000","0.001000","0.001000","3.1 By Hierarchy","C:\FPGA\V41_RCA_PHASE2_POWER_BREAKDOWN_NO_BUILD_R1\03_FORMAL_PHASE2\raw\REPORT_POWER_HIERARCHY_ALL_VERBOSE.rpt","201"
"FORMAL_PHASE2_FAIL_CONTROL","ahd_capture_top_xdma/XDMA/inst/udma_wrapper/dma_top/dma_enable.vul_dma/WR","WR","6","0.015","0.004","0.000","0.004","0.003","0.004","0.000","0.000","0.000","","0.015000","0.015000","0.015000","0.001000","3.1 By Hierarchy","C:\FPGA\V41_RCA_PHASE2_POWER_BREAKDOWN_NO_BUILD_R1\03_FORMAL_PHASE2\raw\REPORT_POWER_HIERARCHY_ALL_VERBOSE.rpt","202"
"FORMAL_PHASE2_FAIL_CONTROL","ahd_capture_top_xdma/XDMA/inst/udma_wrapper/dma_top/dma_enable.vul_dma/WR/gen_rdwr_loop[0].gen_rdwr_eng.RDWR_INST","gen_rdwr_loop[0].gen_rdwr_eng.RDWR_INST","7","0.015","0.004","0.000","0.004","0.003","0.004","0.000","0.000","0.000","","0.015000","0.015000","0.015000","0.001000","3.1 By Hierarchy","C:\FPGA\V41_RCA_PHASE2_POWER_BREAKDOWN_NO_BUILD_R1\03_FORMAL_PHASE2\raw\REPORT_POWER_HIERARCHY_ALL_VERBOSE.rpt","203"
"FORMAL_PHASE2_FAIL_CONTROL","ahd_capture_top_xdma/XDMA/inst/udma_wrapper/dma_top/dma_enable.vul_dma/WR/gen_rdwr_loop[0].gen_rdwr_eng.RDWR_INST/DSC_FIFO","DSC_FIFO","8","0.001","<0.001","0.000","<0.001","<0.001","0.000","0.000","0.000","0.000","","0.001000","0.001000","0.001000","0.001000","3.1 By Hierarchy","C:\FPGA\V41_RCA_PHASE2_POWER_BREAKDOWN_NO_BUILD_R1\03_FORMAL_PHASE2\raw\REPORT_POWER_HIERARCHY_ALL_VERBOSE.rpt","204"
"FORMAL_PHASE2_FAIL_CONTROL","ahd_capture_top_xdma/XDMA/inst/udma_wrapper/dma_top/dma_enable.vul_dma/WR/gen_rdwr_loop[0].gen_rdwr_eng.RDWR_INST/WRQ_FIFO","WRQ_FIFO","8","0.002","<0.001","0.000","<0.001","<0.001","0.000","0.000","0.000","0.000","","0.002000","0.002000","0.002000","0.001000","3.1 By Hierarchy","C:\FPGA\V41_RCA_PHASE2_POWER_BREAKDOWN_NO_BUILD_R1\03_FORMAL_PHASE2\raw\REPORT_POWER_HIERARCHY_ALL_VERBOSE.rpt","205"
"FORMAL_PHASE2_FAIL_CONTROL","ahd_capture_top_xdma/XDMA/inst/udma_wrapper/dma_top/dma_enable.vul_dma/dsc_eng.DSC","dsc_eng.DSC","6","0.009","0.003","0.000","0.003","0.003","0.000","0.000","0.000","0.000","","0.009000","0.009000","0.009000","0.001000","3.1 By Hierarchy","C:\FPGA\V41_RCA_PHASE2_POWER_BREAKDOWN_NO_BUILD_R1\03_FORMAL_PHASE2\raw\REPORT_POWER_HIERARCHY_ALL_VERBOSE.rpt","206"
"FORMAL_PHASE2_FAIL_CONTROL","ahd_capture_top_xdma/XDMA/inst/udma_wrapper/dma_top/dma_enable.vul_dma/dsc_eng.DSC/RRQ_FIFO","RRQ_FIFO","7","0.001","<0.001","0.000","<0.001","<0.001","0.000","0.000","0.000","0.000","","0.001000","0.001000","0.001000","0.001000","3.1 By Hierarchy","C:\FPGA\V41_RCA_PHASE2_POWER_BREAKDOWN_NO_BUILD_R1\03_FORMAL_PHASE2\raw\REPORT_POWER_HIERARCHY_ALL_VERBOSE.rpt","207"
"FORMAL_PHASE2_FAIL_CONTROL","ahd_capture_top_xdma/XDMA/inst/udma_wrapper/dma_top/dma_enable.wb_eng.dma_pcie_wb_eng","dma_enable.wb_eng.dma_pcie_wb_eng","5","0.001","<0.001","0.000","<0.001","<0.001","0.000","0.000","0.000","0.000","","0.001000","0.001000","0.001000","0.001000","3.1 By Hierarchy","C:\FPGA\V41_RCA_PHASE2_POWER_BREAKDOWN_NO_BUILD_R1\03_FORMAL_PHASE2\raw\REPORT_POWER_HIERARCHY_ALL_VERBOSE.rpt","208"
"FORMAL_PHASE2_FAIL_CONTROL","ahd_capture_top_xdma/XDMA/inst/udma_wrapper/dma_top/dma_pcie_req","dma_pcie_req","5","0.014","0.006","0.000","0.004","0.003","0.001","0.000","0.000","0.000","","0.014000","0.014000","0.014000","0.001000","3.1 By Hierarchy","C:\FPGA\V41_RCA_PHASE2_POWER_BREAKDOWN_NO_BUILD_R1\03_FORMAL_PHASE2\raw\REPORT_POWER_HIERARCHY_ALL_VERBOSE.rpt","209"
"FORMAL_PHASE2_FAIL_CONTROL","ahd_capture_top_xdma/XDMA/inst/udma_wrapper/dma_top/dma_pcie_req/dma_pcie_rc","dma_pcie_rc","6","0.007","0.002","0.000","0.002","0.002","0.001","0.000","0.000","0.000","","0.007000","0.007000","0.007000","0.001000","3.1 By Hierarchy","C:\FPGA\V41_RCA_PHASE2_POWER_BREAKDOWN_NO_BUILD_R1\03_FORMAL_PHASE2\raw\REPORT_POWER_HIERARCHY_ALL_VERBOSE.rpt","210"
"FORMAL_PHASE2_FAIL_CONTROL","ahd_capture_top_xdma/XDMA/inst/udma_wrapper/dma_top/dma_pcie_req/dma_pcie_rc/u_mem_rc","u_mem_rc","7","0.002","<0.001","0.000","<0.001","0.000","0.001","0.000","0.000","0.000","","0.002000","0.002000","0.002000","0.001000","3.1 By Hierarchy","C:\FPGA\V41_RCA_PHASE2_POWER_BREAKDOWN_NO_BUILD_R1\03_FORMAL_PHASE2\raw\REPORT_POWER_HIERARCHY_ALL_VERBOSE.rpt","211"
"FORMAL_PHASE2_FAIL_CONTROL","ahd_capture_top_xdma/XDMA/inst/udma_wrapper/dma_top/dma_pcie_req/dma_pcie_rq","dma_pcie_rq","6","0.005","0.003","0.000","0.001","<0.001","0.000","0.000","0.000","0.000","","0.005000","0.005000","0.005000","0.001000","3.1 By Hierarchy","C:\FPGA\V41_RCA_PHASE2_POWER_BREAKDOWN_NO_BUILD_R1\03_FORMAL_PHASE2\raw\REPORT_POWER_HIERARCHY_ALL_VERBOSE.rpt","212"
"FORMAL_PHASE2_FAIL_CONTROL","ahd_capture_top_xdma/XDMA/inst/udma_wrapper/dma_top/dma_pcie_req/dma_pcie_rq/RQ_FIFO","RQ_FIFO","7","0.001","<0.001","0.000","<0.001","<0.001","0.000","0.000","0.000","0.000","","0.001000","0.001000","0.001000","0.001000","3.1 By Hierarchy","C:\FPGA\V41_RCA_PHASE2_POWER_BREAKDOWN_NO_BUILD_R1\03_FORMAL_PHASE2\raw\REPORT_POWER_HIERARCHY_ALL_VERBOSE.rpt","213"
"FORMAL_PHASE2_FAIL_CONTROL","ahd_capture_top_xdma/XDMA/inst/xdma_v41_m1_pcie2_to_pcie3_wrapper_i","xdma_v41_m1_pcie2_to_pcie3_wrapper_i","3","0.306","0.009","0.000","0.004","0.002","0.011","0.107","0.149","0.025","","0.306000","0.306000","0.306000","0.001000","3.1 By Hierarchy","C:\FPGA\V41_RCA_PHASE2_POWER_BREAKDOWN_NO_BUILD_R1\03_FORMAL_PHASE2\raw\REPORT_POWER_HIERARCHY_ALL_VERBOSE.rpt","214"
"FORMAL_PHASE2_FAIL_CONTROL","ahd_capture_top_xdma/XDMA/inst/xdma_v41_m1_pcie2_to_pcie3_wrapper_i/pcie2_ip_i","pcie2_ip_i","4","0.301","0.006","0.000","0.003","<0.001","0.010","0.107","0.149","0.025","","0.301000","0.301000","0.301000","0.001000","3.1 By Hierarchy","C:\FPGA\V41_RCA_PHASE2_POWER_BREAKDOWN_NO_BUILD_R1\03_FORMAL_PHASE2\raw\REPORT_POWER_HIERARCHY_ALL_VERBOSE.rpt","215"
"FORMAL_PHASE2_FAIL_CONTROL","ahd_capture_top_xdma/XDMA/inst/xdma_v41_m1_pcie2_to_pcie3_wrapper_i/pcie2_ip_i/inst","inst","5","0.301","0.006","0.000","0.003","<0.001","0.010","0.107","0.149","0.025","","0.301000","0.301000","0.301000","0.001000","3.1 By Hierarchy","C:\FPGA\V41_RCA_PHASE2_POWER_BREAKDOWN_NO_BUILD_R1\03_FORMAL_PHASE2\raw\REPORT_POWER_HIERARCHY_ALL_VERBOSE.rpt","216"
"FORMAL_PHASE2_FAIL_CONTROL","ahd_capture_top_xdma/XDMA/inst/xdma_v41_m1_pcie2_to_pcie3_wrapper_i/pcie2_ip_i/inst/inst","inst","6","0.301","0.006","0.000","0.003","<0.001","0.010","0.107","0.149","0.025","","0.301000","0.301000","0.301000","0.001000","3.1 By Hierarchy","C:\FPGA\V41_RCA_PHASE2_POWER_BREAKDOWN_NO_BUILD_R1\03_FORMAL_PHASE2\raw\REPORT_POWER_HIERARCHY_ALL_VERBOSE.rpt","217"
"FORMAL_PHASE2_FAIL_CONTROL","ahd_capture_top_xdma/XDMA/inst/xdma_v41_m1_pcie2_to_pcie3_wrapper_i/pcie2_ip_i/inst/inst/gt_top_i","gt_top_i","7","0.262","0.005","0.000","<0.001","<0.001","0.000","0.107","0.149","0.000","","0.262000","0.262000","0.262000","0.001000","3.1 By Hierarchy","C:\FPGA\V41_RCA_PHASE2_POWER_BREAKDOWN_NO_BUILD_R1\03_FORMAL_PHASE2\raw\REPORT_POWER_HIERARCHY_ALL_VERBOSE.rpt","218"
"FORMAL_PHASE2_FAIL_CONTROL","ahd_capture_top_xdma/XDMA/inst/xdma_v41_m1_pcie2_to_pcie3_wrapper_i/pcie2_ip_i/inst/inst/gt_top_i/pipe_wrapper_i","pipe_wrapper_i","8","0.262","0.005","0.000","<0.001","<0.001","0.000","0.107","0.149","0.000","","0.262000","0.262000","0.262000","0.001000","3.1 By Hierarchy","C:\FPGA\V41_RCA_PHASE2_POWER_BREAKDOWN_NO_BUILD_R1\03_FORMAL_PHASE2\raw\REPORT_POWER_HIERARCHY_ALL_VERBOSE.rpt","219"
"FORMAL_PHASE2_FAIL_CONTROL","ahd_capture_top_xdma/XDMA/inst/xdma_v41_m1_pcie2_to_pcie3_wrapper_i/pcie2_ip_i/inst/inst/gt_top_i/pipe_wrapper_i/pipe_clock_int.pipe_clock_i","pipe_clock_int.pipe_clock_i","9","0.108","<0.001","0.000","<0.001","<0.001","0.000","0.107","0.000","0.000","","0.108000","0.108000","0.108000","0.001000","3.1 By Hierarchy","C:\FPGA\V41_RCA_PHASE2_POWER_BREAKDOWN_NO_BUILD_R1\03_FORMAL_PHASE2\raw\REPORT_POWER_HIERARCHY_ALL_VERBOSE.rpt","220"
"FORMAL_PHASE2_FAIL_CONTROL","ahd_capture_top_xdma/XDMA/inst/xdma_v41_m1_pcie2_to_pcie3_wrapper_i/pcie2_ip_i/inst/inst/gt_top_i/pipe_wrapper_i/pipe_lane[0].gt_wrapper_i","pipe_lane[0].gt_wrapper_i","9","0.149","<0.001","0.000","<0.001","<0.001","0.000","0.000","0.149","0.000","","0.149000","0.149000","0.149000","0.001000","3.1 By Hierarchy","C:\FPGA\V41_RCA_PHASE2_POWER_BREAKDOWN_NO_BUILD_R1\03_FORMAL_PHASE2\raw\REPORT_POWER_HIERARCHY_ALL_VERBOSE.rpt","221"
"FORMAL_PHASE2_FAIL_CONTROL","ahd_capture_top_xdma/XDMA/inst/xdma_v41_m1_pcie2_to_pcie3_wrapper_i/pcie2_ip_i/inst/inst/gt_top_i/pipe_wrapper_i/pipe_lane[0].gtp_pipe_drp.gtp_pipe_drp_i","pipe_lane[0].gtp_pipe_drp.gtp_pipe_drp_i","9","0.001","<0.001","0.000","<0.001","<0.001","0.000","0.000","0.000","0.000","","0.001000","0.001000","0.001000","0.001000","3.1 By Hierarchy","C:\FPGA\V41_RCA_PHASE2_POWER_BREAKDOWN_NO_BUILD_R1\03_FORMAL_PHASE2\raw\REPORT_POWER_HIERARCHY_ALL_VERBOSE.rpt","222"
"FORMAL_PHASE2_FAIL_CONTROL","ahd_capture_top_xdma/XDMA/inst/xdma_v41_m1_pcie2_to_pcie3_wrapper_i/pcie2_ip_i/inst/inst/gt_top_i/pipe_wrapper_i/pipe_lane[0].pipe_quad.gt_common_enabled.gt_common_int.gt_common_i","pipe_lane[0].pipe_quad.gt_common_enabled.gt_common_int.gt_common_i","9","0.002","0.002","0.000","<0.001","<0.001","0.000","0.000","0.000","0.000","","0.002000","0.002000","0.002000","0.001000","3.1 By Hierarchy","C:\FPGA\V41_RCA_PHASE2_POWER_BREAKDOWN_NO_BUILD_R1\03_FORMAL_PHASE2\raw\REPORT_POWER_HIERARCHY_ALL_VERBOSE.rpt","223"
"FORMAL_PHASE2_FAIL_CONTROL","ahd_capture_top_xdma/XDMA/inst/xdma_v41_m1_pcie2_to_pcie3_wrapper_i/pcie2_ip_i/inst/inst/gt_top_i/pipe_wrapper_i/pipe_lane[0].pipe_quad.gt_common_enabled.gt_common_int.gt_common_i/qpll_drp_i","qpll_drp_i","10","0.001","<0.001","0.000","<0.001","<0.001","0.000","0.000","0.000","0.000","","0.001000","0.001000","0.001000","0.001000","3.1 By Hierarchy","C:\FPGA\V41_RCA_PHASE2_POWER_BREAKDOWN_NO_BUILD_R1\03_FORMAL_PHASE2\raw\REPORT_POWER_HIERARCHY_ALL_VERBOSE.rpt","224"
"FORMAL_PHASE2_FAIL_CONTROL","ahd_capture_top_xdma/XDMA/inst/xdma_v41_m1_pcie2_to_pcie3_wrapper_i/pcie2_ip_i/inst/inst/pcie_top_i","pcie_top_i","7","0.038","<0.001","0.000","0.002","<0.001","0.010","0.000","0.000","0.025","","0.038000","0.038000","0.038000","0.001000","3.1 By Hierarchy","C:\FPGA\V41_RCA_PHASE2_POWER_BREAKDOWN_NO_BUILD_R1\03_FORMAL_PHASE2\raw\REPORT_POWER_HIERARCHY_ALL_VERBOSE.rpt","225"
"FORMAL_PHASE2_FAIL_CONTROL","ahd_capture_top_xdma/XDMA/inst/xdma_v41_m1_pcie2_to_pcie3_wrapper_i/pcie2_ip_i/inst/inst/pcie_top_i/axi_basic_top","axi_basic_top","8","0.001","<0.001","0.000","<0.001","<0.001","0.000","0.000","0.000","0.000","","0.001000","0.001000","0.001000","0.001000","3.1 By Hierarchy","C:\FPGA\V41_RCA_PHASE2_POWER_BREAKDOWN_NO_BUILD_R1\03_FORMAL_PHASE2\raw\REPORT_POWER_HIERARCHY_ALL_VERBOSE.rpt","226"
"FORMAL_PHASE2_FAIL_CONTROL","ahd_capture_top_xdma/XDMA/inst/xdma_v41_m1_pcie2_to_pcie3_wrapper_i/pcie2_ip_i/inst/inst/pcie_top_i/pcie_7x_i","pcie_7x_i","8","0.037","<0.001","0.000","0.002","<0.001","0.010","0.000","0.000","0.025","","0.037000","0.037000","0.037000","0.001000","3.1 By Hierarchy","C:\FPGA\V41_RCA_PHASE2_POWER_BREAKDOWN_NO_BUILD_R1\03_FORMAL_PHASE2\raw\REPORT_POWER_HIERARCHY_ALL_VERBOSE.rpt","227"
"FORMAL_PHASE2_FAIL_CONTROL","ahd_capture_top_xdma/XDMA/inst/xdma_v41_m1_pcie2_to_pcie3_wrapper_i/pcie2_ip_i/inst/inst/pcie_top_i/pcie_7x_i/pcie_bram_top","pcie_bram_top","9","0.011","<0.001","0.000","<0.001","0.000","0.010","0.000","0.000","0.000","","0.011000","0.011000","0.011000","0.001000","3.1 By Hierarchy","C:\FPGA\V41_RCA_PHASE2_POWER_BREAKDOWN_NO_BUILD_R1\03_FORMAL_PHASE2\raw\REPORT_POWER_HIERARCHY_ALL_VERBOSE.rpt","228"
"FORMAL_PHASE2_FAIL_CONTROL","ahd_capture_top_xdma/XDMA/inst/xdma_v41_m1_pcie2_to_pcie3_wrapper_i/pcie2_ip_i/inst/inst/pcie_top_i/pcie_7x_i/pcie_bram_top/pcie_brams_rx","pcie_brams_rx","10","0.005","<0.001","0.000","<0.001","0.000","0.005","0.000","0.000","0.000","","0.005000","0.005000","0.005000","0.001000","3.1 By Hierarchy","C:\FPGA\V41_RCA_PHASE2_POWER_BREAKDOWN_NO_BUILD_R1\03_FORMAL_PHASE2\raw\REPORT_POWER_HIERARCHY_ALL_VERBOSE.rpt","229"
"FORMAL_PHASE2_FAIL_CONTROL","ahd_capture_top_xdma/XDMA/inst/xdma_v41_m1_pcie2_to_pcie3_wrapper_i/pcie2_ip_i/inst/inst/pcie_top_i/pcie_7x_i/pcie_bram_top/pcie_brams_rx/brams[0].ram","brams[0].ram","11","0.001","<0.001","0.000","<0.001","0.000","0.001","0.000","0.000","0.000","","0.001000","0.001000","0.001000","0.001000","3.1 By Hierarchy","C:\FPGA\V41_RCA_PHASE2_POWER_BREAKDOWN_NO_BUILD_R1\03_FORMAL_PHASE2\raw\REPORT_POWER_HIERARCHY_ALL_VERBOSE.rpt","230"
"FORMAL_PHASE2_FAIL_CONTROL","ahd_capture_top_xdma/XDMA/inst/xdma_v41_m1_pcie2_to_pcie3_wrapper_i/pcie2_ip_i/inst/inst/pcie_top_i/pcie_7x_i/pcie_bram_top/pcie_brams_rx/brams[0].ram/use_tdp.ramb36","use_tdp.ramb36","12","0.001","<0.001","0.000","<0.001","0.000","0.001","0.000","0.000","0.000","","0.001000","0.001000","0.001000","0.001000","3.1 By Hierarchy","C:\FPGA\V41_RCA_PHASE2_POWER_BREAKDOWN_NO_BUILD_R1\03_FORMAL_PHASE2\raw\REPORT_POWER_HIERARCHY_ALL_VERBOSE.rpt","231"
"FORMAL_PHASE2_FAIL_CONTROL","ahd_capture_top_xdma/XDMA/inst/xdma_v41_m1_pcie2_to_pcie3_wrapper_i/pcie2_ip_i/inst/inst/pcie_top_i/pcie_7x_i/pcie_bram_top/pcie_brams_rx/brams[1].ram","brams[1].ram","11","0.001","<0.001","0.000","<0.001","0.000","0.001","0.000","0.000","0.000","","0.001000","0.001000","0.001000","0.001000","3.1 By Hierarchy","C:\FPGA\V41_RCA_PHASE2_POWER_BREAKDOWN_NO_BUILD_R1\03_FORMAL_PHASE2\raw\REPORT_POWER_HIERARCHY_ALL_VERBOSE.rpt","232"
"FORMAL_PHASE2_FAIL_CONTROL","ahd_capture_top_xdma/XDMA/inst/xdma_v41_m1_pcie2_to_pcie3_wrapper_i/pcie2_ip_i/inst/inst/pcie_top_i/pcie_7x_i/pcie_bram_top/pcie_brams_rx/brams[1].ram/use_tdp.ramb36","use_tdp.ramb36","12","0.001","<0.001","0.000","<0.001","0.000","0.001","0.000","0.000","0.000","","0.001000","0.001000","0.001000","0.001000","3.1 By Hierarchy","C:\FPGA\V41_RCA_PHASE2_POWER_BREAKDOWN_NO_BUILD_R1\03_FORMAL_PHASE2\raw\REPORT_POWER_HIERARCHY_ALL_VERBOSE.rpt","233"
"FORMAL_PHASE2_FAIL_CONTROL","ahd_capture_top_xdma/XDMA/inst/xdma_v41_m1_pcie2_to_pcie3_wrapper_i/pcie2_ip_i/inst/inst/pcie_top_i/pcie_7x_i/pcie_bram_top/pcie_brams_rx/brams[2].ram","brams[2].ram","11","0.001","<0.001","0.000","<0.001","0.000","0.001","0.000","0.000","0.000","","0.001000","0.001000","0.001000","0.001000","3.1 By Hierarchy","C:\FPGA\V41_RCA_PHASE2_POWER_BREAKDOWN_NO_BUILD_R1\03_FORMAL_PHASE2\raw\REPORT_POWER_HIERARCHY_ALL_VERBOSE.rpt","234"
"FORMAL_PHASE2_FAIL_CONTROL","ahd_capture_top_xdma/XDMA/inst/xdma_v41_m1_pcie2_to_pcie3_wrapper_i/pcie2_ip_i/inst/inst/pcie_top_i/pcie_7x_i/pcie_bram_top/pcie_brams_rx/brams[2].ram/use_tdp.ramb36","use_tdp.ramb36","12","0.001","<0.001","0.000","<0.001","0.000","0.001","0.000","0.000","0.000","","0.001000","0.001000","0.001000","0.001000","3.1 By Hierarchy","C:\FPGA\V41_RCA_PHASE2_POWER_BREAKDOWN_NO_BUILD_R1\03_FORMAL_PHASE2\raw\REPORT_POWER_HIERARCHY_ALL_VERBOSE.rpt","235"
"FORMAL_PHASE2_FAIL_CONTROL","ahd_capture_top_xdma/XDMA/inst/xdma_v41_m1_pcie2_to_pcie3_wrapper_i/pcie2_ip_i/inst/inst/pcie_top_i/pcie_7x_i/pcie_bram_top/pcie_brams_rx/brams[3].ram","brams[3].ram","11","0.001","<0.001","0.000","<0.001","0.000","0.001","0.000","0.000","0.000","","0.001000","0.001000","0.001000","0.001000","3.1 By Hierarchy","C:\FPGA\V41_RCA_PHASE2_POWER_BREAKDOWN_NO_BUILD_R1\03_FORMAL_PHASE2\raw\REPORT_POWER_HIERARCHY_ALL_VERBOSE.rpt","236"
"FORMAL_PHASE2_FAIL_CONTROL","ahd_capture_top_xdma/XDMA/inst/xdma_v41_m1_pcie2_to_pcie3_wrapper_i/pcie2_ip_i/inst/inst/pcie_top_i/pcie_7x_i/pcie_bram_top/pcie_brams_rx/brams[3].ram/use_tdp.ramb36","use_tdp.ramb36","12","0.001","<0.001","0.000","<0.001","0.000","0.001","0.000","0.000","0.000","","0.001000","0.001000","0.001000","0.001000","3.1 By Hierarchy","C:\FPGA\V41_RCA_PHASE2_POWER_BREAKDOWN_NO_BUILD_R1\03_FORMAL_PHASE2\raw\REPORT_POWER_HIERARCHY_ALL_VERBOSE.rpt","237"
"FORMAL_PHASE2_FAIL_CONTROL","ahd_capture_top_xdma/XDMA/inst/xdma_v41_m1_pcie2_to_pcie3_wrapper_i/pcie2_ip_i/inst/inst/pcie_top_i/pcie_7x_i/pcie_bram_top/pcie_brams_tx","pcie_brams_tx","10","0.005","<0.001","0.000","<0.001","0.000","0.005","0.000","0.000","0.000","","0.005000","0.005000","0.005000","0.001000","3.1 By Hierarchy","C:\FPGA\V41_RCA_PHASE2_POWER_BREAKDOWN_NO_BUILD_R1\03_FORMAL_PHASE2\raw\REPORT_POWER_HIERARCHY_ALL_VERBOSE.rpt","238"
"FORMAL_PHASE2_FAIL_CONTROL","ahd_capture_top_xdma/XDMA/inst/xdma_v41_m1_pcie2_to_pcie3_wrapper_i/pcie2_ip_i/inst/inst/pcie_top_i/pcie_7x_i/pcie_bram_top/pcie_brams_tx/brams[0].ram","brams[0].ram","11","0.001","<0.001","0.000","<0.001","0.000","0.001","0.000","0.000","0.000","","0.001000","0.001000","0.001000","0.001000","3.1 By Hierarchy","C:\FPGA\V41_RCA_PHASE2_POWER_BREAKDOWN_NO_BUILD_R1\03_FORMAL_PHASE2\raw\REPORT_POWER_HIERARCHY_ALL_VERBOSE.rpt","239"
"FORMAL_PHASE2_FAIL_CONTROL","ahd_capture_top_xdma/XDMA/inst/xdma_v41_m1_pcie2_to_pcie3_wrapper_i/pcie2_ip_i/inst/inst/pcie_top_i/pcie_7x_i/pcie_bram_top/pcie_brams_tx/brams[0].ram/use_tdp.ramb36","use_tdp.ramb36","12","0.001","<0.001","0.000","<0.001","0.000","0.001","0.000","0.000","0.000","","0.001000","0.001000","0.001000","0.001000","3.1 By Hierarchy","C:\FPGA\V41_RCA_PHASE2_POWER_BREAKDOWN_NO_BUILD_R1\03_FORMAL_PHASE2\raw\REPORT_POWER_HIERARCHY_ALL_VERBOSE.rpt","240"
"FORMAL_PHASE2_FAIL_CONTROL","ahd_capture_top_xdma/XDMA/inst/xdma_v41_m1_pcie2_to_pcie3_wrapper_i/pcie2_ip_i/inst/inst/pcie_top_i/pcie_7x_i/pcie_bram_top/pcie_brams_tx/brams[1].ram","brams[1].ram","11","0.001","<0.001","0.000","<0.001","0.000","0.001","0.000","0.000","0.000","","0.001000","0.001000","0.001000","0.001000","3.1 By Hierarchy","C:\FPGA\V41_RCA_PHASE2_POWER_BREAKDOWN_NO_BUILD_R1\03_FORMAL_PHASE2\raw\REPORT_POWER_HIERARCHY_ALL_VERBOSE.rpt","241"
"FORMAL_PHASE2_FAIL_CONTROL","ahd_capture_top_xdma/XDMA/inst/xdma_v41_m1_pcie2_to_pcie3_wrapper_i/pcie2_ip_i/inst/inst/pcie_top_i/pcie_7x_i/pcie_bram_top/pcie_brams_tx/brams[1].ram/use_tdp.ramb36","use_tdp.ramb36","12","0.001","<0.001","0.000","<0.001","0.000","0.001","0.000","0.000","0.000","","0.001000","0.001000","0.001000","0.001000","3.1 By Hierarchy","C:\FPGA\V41_RCA_PHASE2_POWER_BREAKDOWN_NO_BUILD_R1\03_FORMAL_PHASE2\raw\REPORT_POWER_HIERARCHY_ALL_VERBOSE.rpt","242"
"FORMAL_PHASE2_FAIL_CONTROL","ahd_capture_top_xdma/XDMA/inst/xdma_v41_m1_pcie2_to_pcie3_wrapper_i/pcie2_ip_i/inst/inst/pcie_top_i/pcie_7x_i/pcie_bram_top/pcie_brams_tx/brams[2].ram","brams[2].ram","11","0.001","<0.001","0.000","<0.001","0.000","0.001","0.000","0.000","0.000","","0.001000","0.001000","0.001000","0.001000","3.1 By Hierarchy","C:\FPGA\V41_RCA_PHASE2_POWER_BREAKDOWN_NO_BUILD_R1\03_FORMAL_PHASE2\raw\REPORT_POWER_HIERARCHY_ALL_VERBOSE.rpt","243"
"FORMAL_PHASE2_FAIL_CONTROL","ahd_capture_top_xdma/XDMA/inst/xdma_v41_m1_pcie2_to_pcie3_wrapper_i/pcie2_ip_i/inst/inst/pcie_top_i/pcie_7x_i/pcie_bram_top/pcie_brams_tx/brams[2].ram/use_tdp.ramb36","use_tdp.ramb36","12","0.001","<0.001","0.000","<0.001","0.000","0.001","0.000","0.000","0.000","","0.001000","0.001000","0.001000","0.001000","3.1 By Hierarchy","C:\FPGA\V41_RCA_PHASE2_POWER_BREAKDOWN_NO_BUILD_R1\03_FORMAL_PHASE2\raw\REPORT_POWER_HIERARCHY_ALL_VERBOSE.rpt","244"
"FORMAL_PHASE2_FAIL_CONTROL","ahd_capture_top_xdma/XDMA/inst/xdma_v41_m1_pcie2_to_pcie3_wrapper_i/pcie2_ip_i/inst/inst/pcie_top_i/pcie_7x_i/pcie_bram_top/pcie_brams_tx/brams[3].ram","brams[3].ram","11","0.001","<0.001","0.000","<0.001","0.000","0.001","0.000","0.000","0.000","","0.001000","0.001000","0.001000","0.001000","3.1 By Hierarchy","C:\FPGA\V41_RCA_PHASE2_POWER_BREAKDOWN_NO_BUILD_R1\03_FORMAL_PHASE2\raw\REPORT_POWER_HIERARCHY_ALL_VERBOSE.rpt","245"
"FORMAL_PHASE2_FAIL_CONTROL","ahd_capture_top_xdma/XDMA/inst/xdma_v41_m1_pcie2_to_pcie3_wrapper_i/pcie2_ip_i/inst/inst/pcie_top_i/pcie_7x_i/pcie_bram_top/pcie_brams_tx/brams[3].ram/use_tdp.ramb36","use_tdp.ramb36","12","0.001","<0.001","0.000","<0.001","0.000","0.001","0.000","0.000","0.000","","0.001000","0.001000","0.001000","0.001000","3.1 By Hierarchy","C:\FPGA\V41_RCA_PHASE2_POWER_BREAKDOWN_NO_BUILD_R1\03_FORMAL_PHASE2\raw\REPORT_POWER_HIERARCHY_ALL_VERBOSE.rpt","246"
"FORMAL_PHASE2_FAIL_CONTROL","ahd_capture_top_xdma/XDMA/inst/xdma_v41_m1_pcie2_to_pcie3_wrapper_i/xdma_v41_m1_axi_stream_intf_i","xdma_v41_m1_axi_stream_intf_i","4","0.005","0.002","0.000","0.001","<0.001","<0.001","0.000","0.000","0.000","","0.005000","0.005000","0.005000","0.001000","3.1 By Hierarchy","C:\FPGA\V41_RCA_PHASE2_POWER_BREAKDOWN_NO_BUILD_R1\03_FORMAL_PHASE2\raw\REPORT_POWER_HIERARCHY_ALL_VERBOSE.rpt","247"
"FORMAL_PHASE2_FAIL_CONTROL","ahd_capture_top_xdma/XDMA/inst/xdma_v41_m1_pcie2_to_pcie3_wrapper_i/xdma_v41_m1_axi_stream_intf_i/xdma_v41_m1_rx_demux_i","xdma_v41_m1_rx_demux_i","5","0.003","0.001","0.000","<0.001","<0.001","<0.001","0.000","0.000","0.000","","0.003000","0.003000","0.003000","0.001000","3.1 By Hierarchy","C:\FPGA\V41_RCA_PHASE2_POWER_BREAKDOWN_NO_BUILD_R1\03_FORMAL_PHASE2\raw\REPORT_POWER_HIERARCHY_ALL_VERBOSE.rpt","248"
"FORMAL_PHASE2_FAIL_CONTROL","ahd_capture_top_xdma/XDMA/inst/xdma_v41_m1_pcie2_to_pcie3_wrapper_i/xdma_v41_m1_axi_stream_intf_i/xdma_v41_m1_rx_demux_i/dma_cpl_fifo_inst","dma_cpl_fifo_inst","6","0.001","<0.001","0.000","<0.001","<0.001","<0.001","0.000","0.000","0.000","","0.001000","0.001000","0.001000","0.001000","3.1 By Hierarchy","C:\FPGA\V41_RCA_PHASE2_POWER_BREAKDOWN_NO_BUILD_R1\03_FORMAL_PHASE2\raw\REPORT_POWER_HIERARCHY_ALL_VERBOSE.rpt","249"
"FORMAL_PHASE2_FAIL_CONTROL","ahd_capture_top_xdma/XDMA/inst/xdma_v41_m1_pcie2_to_pcie3_wrapper_i/xdma_v41_m1_axi_stream_intf_i/xdma_v41_m1_rx_demux_i/dma_cpl_fifo_inst/U0","U0","7","0.001","<0.001","0.000","<0.001","<0.001","<0.001","0.000","0.000","0.000","","0.001000","0.001000","0.001000","0.001000","3.1 By Hierarchy","C:\FPGA\V41_RCA_PHASE2_POWER_BREAKDOWN_NO_BUILD_R1\03_FORMAL_PHASE2\raw\REPORT_POWER_HIERARCHY_ALL_VERBOSE.rpt","250"
"FORMAL_PHASE2_FAIL_CONTROL","ahd_capture_top_xdma/XDMA/inst/xdma_v41_m1_pcie2_to_pcie3_wrapper_i/xdma_v41_m1_axi_stream_intf_i/xdma_v41_m1_rx_demux_i/dma_cpl_fifo_inst/U0/inst_fifo_gen","inst_fifo_gen","8","0.001","<0.001","0.000","<0.001","<0.001","<0.001","0.000","0.000","0.000","","0.001000","0.001000","0.001000","0.001000","3.1 By Hierarchy","C:\FPGA\V41_RCA_PHASE2_POWER_BREAKDOWN_NO_BUILD_R1\03_FORMAL_PHASE2\raw\REPORT_POWER_HIERARCHY_ALL_VERBOSE.rpt","251"
"FORMAL_PHASE2_FAIL_CONTROL","ahd_capture_top_xdma/XDMA/inst/xdma_v41_m1_pcie2_to_pcie3_wrapper_i/xdma_v41_m1_axi_stream_intf_i/xdma_v41_m1_rx_demux_i/dma_cpl_fifo_inst/U0/inst_fifo_gen/gaxis_fifo.gaxisf.axisf","gaxis_fifo.gaxisf.axisf","9","0.001","<0.001","0.000","<0.001","<0.001","<0.001","0.000","0.000","0.000","","0.001000","0.001000","0.001000","0.001000","3.1 By Hierarchy","C:\FPGA\V41_RCA_PHASE2_POWER_BREAKDOWN_NO_BUILD_R1\03_FORMAL_PHASE2\raw\REPORT_POWER_HIERARCHY_ALL_VERBOSE.rpt","252"
"FORMAL_PHASE2_FAIL_CONTROL","ahd_capture_top_xdma/XDMA/inst/xdma_v41_m1_pcie2_to_pcie3_wrapper_i/xdma_v41_m1_axi_stream_intf_i/xdma_v41_m1_rx_demux_i/dma_cpl_fifo_inst/U0/inst_fifo_gen/gaxis_fifo.gaxisf.axisf/grf.rf","grf.rf","10","0.001","<0.001","0.000","<0.001","<0.001","<0.001","0.000","0.000","0.000","","0.001000","0.001000","0.001000","0.001000","3.1 By Hierarchy","C:\FPGA\V41_RCA_PHASE2_POWER_BREAKDOWN_NO_BUILD_R1\03_FORMAL_PHASE2\raw\REPORT_POWER_HIERARCHY_ALL_VERBOSE.rpt","253"
"FORMAL_PHASE2_FAIL_CONTROL","ahd_capture_top_xdma/XDMA/inst/xdma_v41_m1_pcie2_to_pcie3_wrapper_i/xdma_v41_m1_axi_stream_intf_i/xdma_v41_m1_rx_demux_i/dma_cpl_fifo_inst/U0/inst_fifo_gen/gaxis_fifo.gaxisf.axisf/grf.rf/gntv_or_sync_fifo.mem","gntv_or_sync_fifo.mem","11","0.001","<0.001","0.000","<0.001","<0.001","<0.001","0.000","0.000","0.000","","0.001000","0.001000","0.001000","0.001000","3.1 By Hierarchy","C:\FPGA\V41_RCA_PHASE2_POWER_BREAKDOWN_NO_BUILD_R1\03_FORMAL_PHASE2\raw\REPORT_POWER_HIERARCHY_ALL_VERBOSE.rpt","254"
"RCA_PASS_CONTROL","ahd_capture_top_pcie","ahd_capture_top_pcie","0","0.323","0.018","0.001","0.008","0.004","0.012","0.107","0.149","0.025","","0.323000","0.323000","0.323000","0.001000","3.1 By Hierarchy","C:\FPGA\V41_RCA_PHASE2_POWER_BREAKDOWN_NO_BUILD_R1\04_RCA\raw\REPORT_POWER_HIERARCHY_ALL_VERBOSE.rpt","165"
"RCA_PASS_CONTROL","ahd_capture_top_pcie/NVP_AUTOINIT","NVP_AUTOINIT","1","0.002","0.001","0.000","<0.001","<0.001","0.000","0.000","0.000","0.000","","0.002000","0.002000","0.002000","0.001000","3.1 By Hierarchy","C:\FPGA\V41_RCA_PHASE2_POWER_BREAKDOWN_NO_BUILD_R1\04_RCA\raw\REPORT_POWER_HIERARCHY_ALL_VERBOSE.rpt","166"
"RCA_PASS_CONTROL","ahd_capture_top_pcie/NVP_AUTOINIT/u_sequence","u_sequence","2","0.002","0.001","0.000","<0.001","<0.001","0.000","0.000","0.000","0.000","","0.002000","0.002000","0.002000","0.001000","3.1 By Hierarchy","C:\FPGA\V41_RCA_PHASE2_POWER_BREAKDOWN_NO_BUILD_R1\04_RCA\raw\REPORT_POWER_HIERARCHY_ALL_VERBOSE.rpt","167"
"RCA_PASS_CONTROL","ahd_capture_top_pcie/NVP_PHYSICAL_FRONTEND","NVP_PHYSICAL_FRONTEND","1","0.001","<0.001","<0.001","<0.001","<0.001","0.000","0.000","0.000","0.000","","0.001000","0.001000","0.001000","0.001000","3.1 By Hierarchy","C:\FPGA\V41_RCA_PHASE2_POWER_BREAKDOWN_NO_BUILD_R1\04_RCA\raw\REPORT_POWER_HIERARCHY_ALL_VERBOSE.rpt","168"
"RCA_PASS_CONTROL","ahd_capture_top_pcie/app","app","1","0.019","0.009","0.000","0.005","0.003","0.002","0.000","0.000","0.000","","0.019000","0.019000","0.019000","0.001000","3.1 By Hierarchy","C:\FPGA\V41_RCA_PHASE2_POWER_BREAKDOWN_NO_BUILD_R1\04_RCA\raw\REPORT_POWER_HIERARCHY_ALL_VERBOSE.rpt","169"
"RCA_PASS_CONTROL","ahd_capture_top_pcie/app/PIO","PIO","2","0.019","0.009","0.000","0.005","0.003","0.002","0.000","0.000","0.000","","0.019000","0.019000","0.019000","0.001000","3.1 By Hierarchy","C:\FPGA\V41_RCA_PHASE2_POWER_BREAKDOWN_NO_BUILD_R1\04_RCA\raw\REPORT_POWER_HIERARCHY_ALL_VERBOSE.rpt","170"
"RCA_PASS_CONTROL","ahd_capture_top_pcie/app/PIO/PIO_EP_inst","PIO_EP_inst","3","0.019","0.009","0.000","0.005","0.003","0.002","0.000","0.000","0.000","","0.019000","0.019000","0.019000","0.001000","3.1 By Hierarchy","C:\FPGA\V41_RCA_PHASE2_POWER_BREAKDOWN_NO_BUILD_R1\04_RCA\raw\REPORT_POWER_HIERARCHY_ALL_VERBOSE.rpt","171"
"RCA_PASS_CONTROL","ahd_capture_top_pcie/app/PIO/PIO_EP_inst/COMPLETER","COMPLETER","4","0.002","<0.001","0.000","<0.001","<0.001","0.000","0.000","0.000","0.000","","0.002000","0.002000","0.002000","0.001000","3.1 By Hierarchy","C:\FPGA\V41_RCA_PHASE2_POWER_BREAKDOWN_NO_BUILD_R1\04_RCA\raw\REPORT_POWER_HIERARCHY_ALL_VERBOSE.rpt","172"
"RCA_PASS_CONTROL","ahd_capture_top_pcie/app/PIO/PIO_EP_inst/G0P8C2_CAPTURE","G0P8C2_CAPTURE","4","0.017","0.009","0.000","0.004","0.002","0.002","0.000","0.000","0.000","","0.017000","0.017000","0.017000","0.001000","3.1 By Hierarchy","C:\FPGA\V41_RCA_PHASE2_POWER_BREAKDOWN_NO_BUILD_R1\04_RCA\raw\REPORT_POWER_HIERARCHY_ALL_VERBOSE.rpt","173"
"RCA_PASS_CONTROL","ahd_capture_top_pcie/app/PIO/PIO_EP_inst/G0P8C2_CAPTURE/BAR_TARGET","BAR_TARGET","5","0.004","<0.001","0.000","<0.001","<0.001","0.002","0.000","0.000","0.000","","0.004000","0.004000","0.004000","0.001000","3.1 By Hierarchy","C:\FPGA\V41_RCA_PHASE2_POWER_BREAKDOWN_NO_BUILD_R1\04_RCA\raw\REPORT_POWER_HIERARCHY_ALL_VERBOSE.rpt","174"
"RCA_PASS_CONTROL","ahd_capture_top_pcie/app/PIO/PIO_EP_inst/G0P8C2_CAPTURE/MAILBOX","MAILBOX","5","0.004","0.002","0.000","0.001","<0.001","0.000","0.000","0.000","0.000","","0.004000","0.004000","0.004000","0.001000","3.1 By Hierarchy","C:\FPGA\V41_RCA_PHASE2_POWER_BREAKDOWN_NO_BUILD_R1\04_RCA\raw\REPORT_POWER_HIERARCHY_ALL_VERBOSE.rpt","175"
"RCA_PASS_CONTROL","ahd_capture_top_pcie/app/PIO/PIO_EP_inst/G0P8C2_CAPTURE/PRODUCER","PRODUCER","5","0.007","0.005","0.000","<0.001","0.001","0.000","0.000","0.000","0.000","","0.007000","0.007000","0.007000","0.001000","3.1 By Hierarchy","C:\FPGA\V41_RCA_PHASE2_POWER_BREAKDOWN_NO_BUILD_R1\04_RCA\raw\REPORT_POWER_HIERARCHY_ALL_VERBOSE.rpt","176"
"RCA_PASS_CONTROL","ahd_capture_top_pcie/pcie7_g0p8c0_support_i","pcie7_g0p8c0_support_i","1","0.300","0.006","0.000","0.003","<0.001","0.010","0.107","0.149","0.025","","0.300000","0.300000","0.300000","0.001000","3.1 By Hierarchy","C:\FPGA\V41_RCA_PHASE2_POWER_BREAKDOWN_NO_BUILD_R1\04_RCA\raw\REPORT_POWER_HIERARCHY_ALL_VERBOSE.rpt","177"
"RCA_PASS_CONTROL","ahd_capture_top_pcie/pcie7_g0p8c0_support_i/pcie7_g0p8c0_i","pcie7_g0p8c0_i","2","0.193","0.006","0.000","0.003","<0.001","0.010","0.000","0.149","0.025","","0.193000","0.193000","0.193000","0.001000","3.1 By Hierarchy","C:\FPGA\V41_RCA_PHASE2_POWER_BREAKDOWN_NO_BUILD_R1\04_RCA\raw\REPORT_POWER_HIERARCHY_ALL_VERBOSE.rpt","178"
"RCA_PASS_CONTROL","ahd_capture_top_pcie/pcie7_g0p8c0_support_i/pcie7_g0p8c0_i/inst","inst","3","0.193","0.006","0.000","0.003","<0.001","0.010","0.000","0.149","0.025","","0.193000","0.193000","0.193000","0.001000","3.1 By Hierarchy","C:\FPGA\V41_RCA_PHASE2_POWER_BREAKDOWN_NO_BUILD_R1\04_RCA\raw\REPORT_POWER_HIERARCHY_ALL_VERBOSE.rpt","179"
"RCA_PASS_CONTROL","ahd_capture_top_pcie/pcie7_g0p8c0_support_i/pcie7_g0p8c0_i/inst/inst","inst","4","0.193","0.006","0.000","0.003","<0.001","0.010","0.000","0.149","0.025","","0.193000","0.193000","0.193000","0.001000","3.1 By Hierarchy","C:\FPGA\V41_RCA_PHASE2_POWER_BREAKDOWN_NO_BUILD_R1\04_RCA\raw\REPORT_POWER_HIERARCHY_ALL_VERBOSE.rpt","180"
"RCA_PASS_CONTROL","ahd_capture_top_pcie/pcie7_g0p8c0_support_i/pcie7_g0p8c0_i/inst/inst/gt_top_i","gt_top_i","5","0.154","0.005","0.000","<0.001","<0.001","0.000","0.000","0.149","0.000","","0.154000","0.154000","0.154000","0.001000","3.1 By Hierarchy","C:\FPGA\V41_RCA_PHASE2_POWER_BREAKDOWN_NO_BUILD_R1\04_RCA\raw\REPORT_POWER_HIERARCHY_ALL_VERBOSE.rpt","181"
"RCA_PASS_CONTROL","ahd_capture_top_pcie/pcie7_g0p8c0_support_i/pcie7_g0p8c0_i/inst/inst/gt_top_i/pipe_wrapper_i","pipe_wrapper_i","6","0.154","0.005","0.000","<0.001","<0.001","0.000","0.000","0.149","0.000","","0.154000","0.154000","0.154000","0.001000","3.1 By Hierarchy","C:\FPGA\V41_RCA_PHASE2_POWER_BREAKDOWN_NO_BUILD_R1\04_RCA\raw\REPORT_POWER_HIERARCHY_ALL_VERBOSE.rpt","182"
"RCA_PASS_CONTROL","ahd_capture_top_pcie/pcie7_g0p8c0_support_i/pcie7_g0p8c0_i/inst/inst/gt_top_i/pipe_wrapper_i/pipe_lane[0].gt_wrapper_i","pipe_lane[0].gt_wrapper_i","7","0.149","<0.001","0.000","<0.001","<0.001","0.000","0.000","0.149","0.000","","0.149000","0.149000","0.149000","0.001000","3.1 By Hierarchy","C:\FPGA\V41_RCA_PHASE2_POWER_BREAKDOWN_NO_BUILD_R1\04_RCA\raw\REPORT_POWER_HIERARCHY_ALL_VERBOSE.rpt","183"
"RCA_PASS_CONTROL","ahd_capture_top_pcie/pcie7_g0p8c0_support_i/pcie7_g0p8c0_i/inst/inst/gt_top_i/pipe_wrapper_i/pipe_lane[0].gtp_pipe_drp.gtp_pipe_drp_i","pipe_lane[0].gtp_pipe_drp.gtp_pipe_drp_i","7","0.001","<0.001","0.000","<0.001","<0.001","0.000","0.000","0.000","0.000","","0.001000","0.001000","0.001000","0.001000","3.1 By Hierarchy","C:\FPGA\V41_RCA_PHASE2_POWER_BREAKDOWN_NO_BUILD_R1\04_RCA\raw\REPORT_POWER_HIERARCHY_ALL_VERBOSE.rpt","184"
"RCA_PASS_CONTROL","ahd_capture_top_pcie/pcie7_g0p8c0_support_i/pcie7_g0p8c0_i/inst/inst/gt_top_i/pipe_wrapper_i/pipe_lane[0].pipe_quad.gt_common_enabled.gt_common_int.gt_common_i","pipe_lane[0].pipe_quad.gt_common_enabled.gt_common_int.gt_common_i","7","0.002","0.002","0.000","<0.001","<0.001","0.000","0.000","0.000","0.000","","0.002000","0.002000","0.002000","0.001000","3.1 By Hierarchy","C:\FPGA\V41_RCA_PHASE2_POWER_BREAKDOWN_NO_BUILD_R1\04_RCA\raw\REPORT_POWER_HIERARCHY_ALL_VERBOSE.rpt","185"
"RCA_PASS_CONTROL","ahd_capture_top_pcie/pcie7_g0p8c0_support_i/pcie7_g0p8c0_i/inst/inst/pcie_top_i","pcie_top_i","5","0.038","<0.001","0.000","0.002","<0.001","0.010","0.000","0.000","0.025","","0.038000","0.038000","0.038000","0.001000","3.1 By Hierarchy","C:\FPGA\V41_RCA_PHASE2_POWER_BREAKDOWN_NO_BUILD_R1\04_RCA\raw\REPORT_POWER_HIERARCHY_ALL_VERBOSE.rpt","186"
"RCA_PASS_CONTROL","ahd_capture_top_pcie/pcie7_g0p8c0_support_i/pcie7_g0p8c0_i/inst/inst/pcie_top_i/axi_basic_top","axi_basic_top","6","0.001","<0.001","0.000","<0.001","<0.001","0.000","0.000","0.000","0.000","","0.001000","0.001000","0.001000","0.001000","3.1 By Hierarchy","C:\FPGA\V41_RCA_PHASE2_POWER_BREAKDOWN_NO_BUILD_R1\04_RCA\raw\REPORT_POWER_HIERARCHY_ALL_VERBOSE.rpt","187"
"RCA_PASS_CONTROL","ahd_capture_top_pcie/pcie7_g0p8c0_support_i/pcie7_g0p8c0_i/inst/inst/pcie_top_i/pcie_7x_i","pcie_7x_i","6","0.037","<0.001","0.000","0.002","<0.001","0.010","0.000","0.000","0.025","","0.037000","0.037000","0.037000","0.001000","3.1 By Hierarchy","C:\FPGA\V41_RCA_PHASE2_POWER_BREAKDOWN_NO_BUILD_R1\04_RCA\raw\REPORT_POWER_HIERARCHY_ALL_VERBOSE.rpt","188"
"RCA_PASS_CONTROL","ahd_capture_top_pcie/pcie7_g0p8c0_support_i/pcie7_g0p8c0_i/inst/inst/pcie_top_i/pcie_7x_i/pcie_bram_top","pcie_bram_top","7","0.011","<0.001","0.000","<0.001","0.000","0.010","0.000","0.000","0.000","","0.011000","0.011000","0.011000","0.001000","3.1 By Hierarchy","C:\FPGA\V41_RCA_PHASE2_POWER_BREAKDOWN_NO_BUILD_R1\04_RCA\raw\REPORT_POWER_HIERARCHY_ALL_VERBOSE.rpt","189"
"RCA_PASS_CONTROL","ahd_capture_top_pcie/pcie7_g0p8c0_support_i/pcie7_g0p8c0_i/inst/inst/pcie_top_i/pcie_7x_i/pcie_bram_top/pcie_brams_rx","pcie_brams_rx","8","0.005","<0.001","0.000","<0.001","0.000","0.005","0.000","0.000","0.000","","0.005000","0.005000","0.005000","0.001000","3.1 By Hierarchy","C:\FPGA\V41_RCA_PHASE2_POWER_BREAKDOWN_NO_BUILD_R1\04_RCA\raw\REPORT_POWER_HIERARCHY_ALL_VERBOSE.rpt","190"
"RCA_PASS_CONTROL","ahd_capture_top_pcie/pcie7_g0p8c0_support_i/pcie7_g0p8c0_i/inst/inst/pcie_top_i/pcie_7x_i/pcie_bram_top/pcie_brams_rx/brams[0].ram","brams[0].ram","9","0.001","<0.001","0.000","<0.001","0.000","0.001","0.000","0.000","0.000","","0.001000","0.001000","0.001000","0.001000","3.1 By Hierarchy","C:\FPGA\V41_RCA_PHASE2_POWER_BREAKDOWN_NO_BUILD_R1\04_RCA\raw\REPORT_POWER_HIERARCHY_ALL_VERBOSE.rpt","191"
"RCA_PASS_CONTROL","ahd_capture_top_pcie/pcie7_g0p8c0_support_i/pcie7_g0p8c0_i/inst/inst/pcie_top_i/pcie_7x_i/pcie_bram_top/pcie_brams_rx/brams[0].ram/use_tdp.ramb36","use_tdp.ramb36","10","0.001","<0.001","0.000","<0.001","0.000","0.001","0.000","0.000","0.000","","0.001000","0.001000","0.001000","0.001000","3.1 By Hierarchy","C:\FPGA\V41_RCA_PHASE2_POWER_BREAKDOWN_NO_BUILD_R1\04_RCA\raw\REPORT_POWER_HIERARCHY_ALL_VERBOSE.rpt","192"
"RCA_PASS_CONTROL","ahd_capture_top_pcie/pcie7_g0p8c0_support_i/pcie7_g0p8c0_i/inst/inst/pcie_top_i/pcie_7x_i/pcie_bram_top/pcie_brams_rx/brams[1].ram","brams[1].ram","9","0.001","<0.001","0.000","<0.001","0.000","0.001","0.000","0.000","0.000","","0.001000","0.001000","0.001000","0.001000","3.1 By Hierarchy","C:\FPGA\V41_RCA_PHASE2_POWER_BREAKDOWN_NO_BUILD_R1\04_RCA\raw\REPORT_POWER_HIERARCHY_ALL_VERBOSE.rpt","193"
"RCA_PASS_CONTROL","ahd_capture_top_pcie/pcie7_g0p8c0_support_i/pcie7_g0p8c0_i/inst/inst/pcie_top_i/pcie_7x_i/pcie_bram_top/pcie_brams_rx/brams[1].ram/use_tdp.ramb36","use_tdp.ramb36","10","0.001","<0.001","0.000","<0.001","0.000","0.001","0.000","0.000","0.000","","0.001000","0.001000","0.001000","0.001000","3.1 By Hierarchy","C:\FPGA\V41_RCA_PHASE2_POWER_BREAKDOWN_NO_BUILD_R1\04_RCA\raw\REPORT_POWER_HIERARCHY_ALL_VERBOSE.rpt","194"
"RCA_PASS_CONTROL","ahd_capture_top_pcie/pcie7_g0p8c0_support_i/pcie7_g0p8c0_i/inst/inst/pcie_top_i/pcie_7x_i/pcie_bram_top/pcie_brams_rx/brams[2].ram","brams[2].ram","9","0.001","<0.001","0.000","<0.001","0.000","0.001","0.000","0.000","0.000","","0.001000","0.001000","0.001000","0.001000","3.1 By Hierarchy","C:\FPGA\V41_RCA_PHASE2_POWER_BREAKDOWN_NO_BUILD_R1\04_RCA\raw\REPORT_POWER_HIERARCHY_ALL_VERBOSE.rpt","195"
"RCA_PASS_CONTROL","ahd_capture_top_pcie/pcie7_g0p8c0_support_i/pcie7_g0p8c0_i/inst/inst/pcie_top_i/pcie_7x_i/pcie_bram_top/pcie_brams_rx/brams[2].ram/use_tdp.ramb36","use_tdp.ramb36","10","0.001","<0.001","0.000","<0.001","0.000","0.001","0.000","0.000","0.000","","0.001000","0.001000","0.001000","0.001000","3.1 By Hierarchy","C:\FPGA\V41_RCA_PHASE2_POWER_BREAKDOWN_NO_BUILD_R1\04_RCA\raw\REPORT_POWER_HIERARCHY_ALL_VERBOSE.rpt","196"
"RCA_PASS_CONTROL","ahd_capture_top_pcie/pcie7_g0p8c0_support_i/pcie7_g0p8c0_i/inst/inst/pcie_top_i/pcie_7x_i/pcie_bram_top/pcie_brams_rx/brams[3].ram","brams[3].ram","9","0.001","<0.001","0.000","<0.001","0.000","0.001","0.000","0.000","0.000","","0.001000","0.001000","0.001000","0.001000","3.1 By Hierarchy","C:\FPGA\V41_RCA_PHASE2_POWER_BREAKDOWN_NO_BUILD_R1\04_RCA\raw\REPORT_POWER_HIERARCHY_ALL_VERBOSE.rpt","197"
"RCA_PASS_CONTROL","ahd_capture_top_pcie/pcie7_g0p8c0_support_i/pcie7_g0p8c0_i/inst/inst/pcie_top_i/pcie_7x_i/pcie_bram_top/pcie_brams_rx/brams[3].ram/use_tdp.ramb36","use_tdp.ramb36","10","0.001","<0.001","0.000","<0.001","0.000","0.001","0.000","0.000","0.000","","0.001000","0.001000","0.001000","0.001000","3.1 By Hierarchy","C:\FPGA\V41_RCA_PHASE2_POWER_BREAKDOWN_NO_BUILD_R1\04_RCA\raw\REPORT_POWER_HIERARCHY_ALL_VERBOSE.rpt","198"
"RCA_PASS_CONTROL","ahd_capture_top_pcie/pcie7_g0p8c0_support_i/pcie7_g0p8c0_i/inst/inst/pcie_top_i/pcie_7x_i/pcie_bram_top/pcie_brams_tx","pcie_brams_tx","8","0.005","<0.001","0.000","<0.001","0.000","0.005","0.000","0.000","0.000","","0.005000","0.005000","0.005000","0.001000","3.1 By Hierarchy","C:\FPGA\V41_RCA_PHASE2_POWER_BREAKDOWN_NO_BUILD_R1\04_RCA\raw\REPORT_POWER_HIERARCHY_ALL_VERBOSE.rpt","199"
"RCA_PASS_CONTROL","ahd_capture_top_pcie/pcie7_g0p8c0_support_i/pcie7_g0p8c0_i/inst/inst/pcie_top_i/pcie_7x_i/pcie_bram_top/pcie_brams_tx/brams[0].ram","brams[0].ram","9","0.001","<0.001","0.000","<0.001","0.000","0.001","0.000","0.000","0.000","","0.001000","0.001000","0.001000","0.001000","3.1 By Hierarchy","C:\FPGA\V41_RCA_PHASE2_POWER_BREAKDOWN_NO_BUILD_R1\04_RCA\raw\REPORT_POWER_HIERARCHY_ALL_VERBOSE.rpt","200"
"RCA_PASS_CONTROL","ahd_capture_top_pcie/pcie7_g0p8c0_support_i/pcie7_g0p8c0_i/inst/inst/pcie_top_i/pcie_7x_i/pcie_bram_top/pcie_brams_tx/brams[0].ram/use_tdp.ramb36","use_tdp.ramb36","10","0.001","<0.001","0.000","<0.001","0.000","0.001","0.000","0.000","0.000","","0.001000","0.001000","0.001000","0.001000","3.1 By Hierarchy","C:\FPGA\V41_RCA_PHASE2_POWER_BREAKDOWN_NO_BUILD_R1\04_RCA\raw\REPORT_POWER_HIERARCHY_ALL_VERBOSE.rpt","201"
"RCA_PASS_CONTROL","ahd_capture_top_pcie/pcie7_g0p8c0_support_i/pcie7_g0p8c0_i/inst/inst/pcie_top_i/pcie_7x_i/pcie_bram_top/pcie_brams_tx/brams[1].ram","brams[1].ram","9","0.001","<0.001","0.000","<0.001","0.000","0.001","0.000","0.000","0.000","","0.001000","0.001000","0.001000","0.001000","3.1 By Hierarchy","C:\FPGA\V41_RCA_PHASE2_POWER_BREAKDOWN_NO_BUILD_R1\04_RCA\raw\REPORT_POWER_HIERARCHY_ALL_VERBOSE.rpt","202"
"RCA_PASS_CONTROL","ahd_capture_top_pcie/pcie7_g0p8c0_support_i/pcie7_g0p8c0_i/inst/inst/pcie_top_i/pcie_7x_i/pcie_bram_top/pcie_brams_tx/brams[1].ram/use_tdp.ramb36","use_tdp.ramb36","10","0.001","<0.001","0.000","<0.001","0.000","0.001","0.000","0.000","0.000","","0.001000","0.001000","0.001000","0.001000","3.1 By Hierarchy","C:\FPGA\V41_RCA_PHASE2_POWER_BREAKDOWN_NO_BUILD_R1\04_RCA\raw\REPORT_POWER_HIERARCHY_ALL_VERBOSE.rpt","203"
"RCA_PASS_CONTROL","ahd_capture_top_pcie/pcie7_g0p8c0_support_i/pcie7_g0p8c0_i/inst/inst/pcie_top_i/pcie_7x_i/pcie_bram_top/pcie_brams_tx/brams[2].ram","brams[2].ram","9","0.001","<0.001","0.000","<0.001","0.000","0.001","0.000","0.000","0.000","","0.001000","0.001000","0.001000","0.001000","3.1 By Hierarchy","C:\FPGA\V41_RCA_PHASE2_POWER_BREAKDOWN_NO_BUILD_R1\04_RCA\raw\REPORT_POWER_HIERARCHY_ALL_VERBOSE.rpt","204"
"RCA_PASS_CONTROL","ahd_capture_top_pcie/pcie7_g0p8c0_support_i/pcie7_g0p8c0_i/inst/inst/pcie_top_i/pcie_7x_i/pcie_bram_top/pcie_brams_tx/brams[2].ram/use_tdp.ramb36","use_tdp.ramb36","10","0.001","<0.001","0.000","<0.001","0.000","0.001","0.000","0.000","0.000","","0.001000","0.001000","0.001000","0.001000","3.1 By Hierarchy","C:\FPGA\V41_RCA_PHASE2_POWER_BREAKDOWN_NO_BUILD_R1\04_RCA\raw\REPORT_POWER_HIERARCHY_ALL_VERBOSE.rpt","205"
"RCA_PASS_CONTROL","ahd_capture_top_pcie/pcie7_g0p8c0_support_i/pcie7_g0p8c0_i/inst/inst/pcie_top_i/pcie_7x_i/pcie_bram_top/pcie_brams_tx/brams[3].ram","brams[3].ram","9","0.001","<0.001","0.000","<0.001","0.000","0.001","0.000","0.000","0.000","","0.001000","0.001000","0.001000","0.001000","3.1 By Hierarchy","C:\FPGA\V41_RCA_PHASE2_POWER_BREAKDOWN_NO_BUILD_R1\04_RCA\raw\REPORT_POWER_HIERARCHY_ALL_VERBOSE.rpt","206"
"RCA_PASS_CONTROL","ahd_capture_top_pcie/pcie7_g0p8c0_support_i/pcie7_g0p8c0_i/inst/inst/pcie_top_i/pcie_7x_i/pcie_bram_top/pcie_brams_tx/brams[3].ram/use_tdp.ramb36","use_tdp.ramb36","10","0.001","<0.001","0.000","<0.001","0.000","0.001","0.000","0.000","0.000","","0.001000","0.001000","0.001000","0.001000","3.1 By Hierarchy","C:\FPGA\V41_RCA_PHASE2_POWER_BREAKDOWN_NO_BUILD_R1\04_RCA\raw\REPORT_POWER_HIERARCHY_ALL_VERBOSE.rpt","207"
"RCA_PASS_CONTROL","ahd_capture_top_pcie/pcie7_g0p8c0_support_i/pipe_clock_i","pipe_clock_i","2","0.108","<0.001","0.000","<0.001","<0.001","0.000","0.107","0.000","0.000","","0.108000","0.108000","0.108000","0.001000","3.1 By Hierarchy","C:\FPGA\V41_RCA_PHASE2_POWER_BREAKDOWN_NO_BUILD_R1\04_RCA\raw\REPORT_POWER_HIERARCHY_ALL_VERBOSE.rpt","208"
